State,Date,Year,Month,Interest,Pre_Launch,Post_Launch,Legal_Status,Online,Retail
AK,1/1/2017,2017,1,69,0,0,0,NO,NO
AK,2/1/2017,2017,2,47,0,0,0,NO,NO
AK,3/1/2017,2017,3,60,0,0,0,NO,NO
AK,4/1/2017,2017,4,58,0,0,0,NO,NO
AK,5/1/2017,2017,5,54,0,0,0,NO,NO
AK,6/1/2017,2017,6,56,0,0,0,NO,NO
AK,7/1/2017,2017,7,55,0,0,0,NO,NO
AK,8/1/2017,2017,8,66,0,0,0,NO,NO
AK,9/1/2017,2017,9,100,0,0,0,NO,NO
AK,10/1/2017,2017,10,86,0,0,0,NO,NO
AK,11/1/2017,2017,11,84,0,0,0,NO,NO
AK,12/1/2017,2017,12,75,0,0,0,NO,NO
AK,1/1/2018,2018,1,63,0,0,0,NO,NO
AK,2/1/2018,2018,2,47,0,0,0,NO,NO
AK,3/1/2018,2018,3,65,0,0,0,NO,NO
AK,4/1/2018,2018,4,60,0,0,0,NO,NO
AK,5/1/2018,2018,5,66,0,0,0,NO,NO
AK,6/1/2018,2018,6,58,0,0,0,NO,NO
AK,7/1/2018,2018,7,53,0,0,0,NO,NO
AK,8/1/2018,2018,8,66,0,0,0,NO,NO
AK,9/1/2018,2018,9,93,0,0,0,NO,NO
AK,10/1/2018,2018,10,90,0,0,0,NO,NO
AK,11/1/2018,2018,11,87,0,0,0,NO,NO
AK,12/1/2018,2018,12,86,0,0,0,NO,NO
AK,1/1/2019,2019,1,70,0,0,0,NO,NO
AK,2/1/2019,2019,2,51,0,0,0,NO,NO
AK,3/1/2019,2019,3,71,0,0,0,NO,NO
AK,4/1/2019,2019,4,65,0,0,0,NO,NO
AK,5/1/2019,2019,5,61,0,0,0,NO,NO
AK,6/1/2019,2019,6,58,0,0,0,NO,NO
AK,7/1/2019,2019,7,54,0,0,0,NO,NO
AK,8/1/2019,2019,8,58,0,0,0,NO,NO
AK,9/1/2019,2019,9,99,0,0,0,NO,NO
AK,10/1/2019,2019,10,85,0,0,0,NO,NO
AK,11/1/2019,2019,11,85,0,0,0,NO,NO
AK,12/1/2019,2019,12,80,0,0,0,NO,NO
AK,1/1/2020,2020,1,66,0,0,0,NO,NO
AK,2/1/2020,2020,2,46,0,0,0,NO,NO
AK,3/1/2020,2020,3,35,0,0,0,NO,NO
AK,4/1/2020,2020,4,25,0,0,0,NO,NO
AK,5/1/2020,2020,5,23,0,0,0,NO,NO
AK,6/1/2020,2020,6,21,0,0,0,NO,NO
AK,7/1/2020,2020,7,31,0,0,0,NO,NO
AK,8/1/2020,2020,8,43,0,0,0,NO,NO
AK,9/1/2020,2020,9,68,0,0,0,NO,NO
AK,10/1/2020,2020,10,68,0,0,0,NO,NO
AK,11/1/2020,2020,11,58,0,0,0,NO,NO
AK,12/1/2020,2020,12,57,0,0,0,NO,NO
AK,1/1/2021,2021,1,59,0,0,0,NO,NO
AK,2/1/2021,2021,2,36,0,0,0,NO,NO
AK,3/1/2021,2021,3,51,0,0,0,NO,NO
AK,4/1/2021,2021,4,45,0,0,0,NO,NO
AK,5/1/2021,2021,5,46,0,0,0,NO,NO
AK,6/1/2021,2021,6,48,0,0,0,NO,NO
AK,7/1/2021,2021,7,51,0,0,0,NO,NO
AK,8/1/2021,2021,8,46,0,0,0,NO,NO
AK,9/1/2021,2021,9,72,0,0,0,NO,NO
AK,10/1/2021,2021,10,81,0,0,0,NO,NO
AK,11/1/2021,2021,11,78,0,0,0,NO,NO
AK,12/1/2021,2021,12,73,0,0,0,NO,NO
AK,1/1/2022,2022,1,54,0,0,0,NO,NO
AK,2/1/2022,2022,2,30,0,0,0,NO,NO
AK,3/1/2022,2022,3,50,0,0,0,NO,NO
AK,4/1/2022,2022,4,46,0,0,0,NO,NO
AK,5/1/2022,2022,5,46,0,0,0,NO,NO
AK,6/1/2022,2022,6,42,0,0,0,NO,NO
AK,7/1/2022,2022,7,37,0,0,0,NO,NO
AK,8/1/2022,2022,8,47,0,0,0,NO,NO
AK,9/1/2022,2022,9,76,0,0,0,NO,NO
AK,10/1/2022,2022,10,74,0,0,0,NO,NO
AK,11/1/2022,2022,11,65,0,0,0,NO,NO
AK,12/1/2022,2022,12,66,0,0,0,NO,NO
AK,1/1/2023,2023,1,58,0,0,0,NO,NO
AK,2/1/2023,2023,2,40,0,0,0,NO,NO
AK,3/1/2023,2023,3,50,0,0,0,NO,NO
AK,4/1/2023,2023,4,52,0,0,0,NO,NO
AK,5/1/2023,2023,5,52,0,0,0,NO,NO
AK,6/1/2023,2023,6,40,0,0,0,NO,NO
AK,7/1/2023,2023,7,37,0,0,0,NO,NO
AK,8/1/2023,2023,8,44,0,0,0,NO,NO
AK,9/1/2023,2023,9,80,0,0,0,NO,NO
AK,10/1/2023,2023,10,64,0,0,0,NO,NO
AK,11/1/2023,2023,11,68,0,0,0,NO,NO
AK,12/1/2023,2023,12,61,0,0,0,NO,NO
AK,1/1/2024,2024,1,58,0,0,0,NO,NO
AK,2/1/2024,2024,2,32,0,0,0,NO,NO
AK,3/1/2024,2024,3,47,0,0,0,NO,NO
AK,4/1/2024,2024,4,46,0,0,0,NO,NO
AK,5/1/2024,2024,5,43,0,0,0,NO,NO
AK,6/1/2024,2024,6,38,0,0,0,NO,NO
AK,7/1/2024,2024,7,27,0,0,0,NO,NO
AK,8/1/2024,2024,8,40,0,0,0,NO,NO
AK,9/1/2024,2024,9,57,0,0,0,NO,NO
AK,10/1/2024,2024,10,53,0,0,0,NO,NO
AK,11/1/2024,2024,11,44,0,0,0,NO,NO
AK,12/1/2024,2024,12,49,0,0,0,NO,NO
AK,1/1/2025,2025,1,40,0,0,0,NO,NO
AK,2/1/2025,2025,2,28,0,0,0,NO,NO
AK,3/1/2025,2025,3,43,0,0,0,NO,NO
AK,4/1/2025,2025,4,38,0,0,0,NO,NO
AK,5/1/2025,2025,5,35,0,0,0,NO,NO
AK,6/1/2025,2025,6,35,0,0,0,NO,NO
AK,7/1/2025,2025,7,26,0,0,0,NO,NO
AK,8/1/2025,2025,8,45,0,0,0,NO,NO
AK,9/1/2025,2025,9,57,0,0,0,NO,NO
AK,10/1/2025,2025,10,52,0,0,0,NO,NO
AK,11/1/2025,2025,11,62,0,0,0,NO,NO
AL,1/1/2017,2017,1,62,0,0,0,NO,NO
AL,2/1/2017,2017,2,36,0,0,0,NO,NO
AL,3/1/2017,2017,3,48,0,0,0,NO,NO
AL,4/1/2017,2017,4,46,0,0,0,NO,NO
AL,5/1/2017,2017,5,37,0,0,0,NO,NO
AL,6/1/2017,2017,6,36,0,0,0,NO,NO
AL,7/1/2017,2017,7,30,0,0,0,NO,NO
AL,8/1/2017,2017,8,44,0,0,0,NO,NO
AL,9/1/2017,2017,9,99,0,0,0,NO,NO
AL,10/1/2017,2017,10,88,0,0,0,NO,NO
AL,11/1/2017,2017,11,86,0,0,0,NO,NO
AL,12/1/2017,2017,12,68,0,0,0,NO,NO
AL,1/1/2018,2018,1,63,0,0,0,NO,NO
AL,2/1/2018,2018,2,38,0,0,0,NO,NO
AL,3/1/2018,2018,3,52,0,0,0,NO,NO
AL,4/1/2018,2018,4,40,0,0,0,NO,NO
AL,5/1/2018,2018,5,39,0,0,0,NO,NO
AL,6/1/2018,2018,6,36,0,0,0,NO,NO
AL,7/1/2018,2018,7,33,0,0,0,NO,NO
AL,8/1/2018,2018,8,43,0,0,0,NO,NO
AL,9/1/2018,2018,9,100,0,0,0,NO,NO
AL,10/1/2018,2018,10,77,0,0,0,NO,NO
AL,11/1/2018,2018,11,79,0,0,0,NO,NO
AL,12/1/2018,2018,12,72,0,0,0,NO,NO
AL,1/1/2019,2019,1,51,0,0,0,NO,NO
AL,2/1/2019,2019,2,33,0,0,0,NO,NO
AL,3/1/2019,2019,3,52,0,0,0,NO,NO
AL,4/1/2019,2019,4,40,0,0,0,NO,NO
AL,5/1/2019,2019,5,38,0,0,0,NO,NO
AL,6/1/2019,2019,6,44,0,0,0,NO,NO
AL,7/1/2019,2019,7,31,0,0,0,NO,NO
AL,8/1/2019,2019,8,49,0,0,0,NO,NO
AL,9/1/2019,2019,9,77,0,0,0,NO,NO
AL,10/1/2019,2019,10,68,0,0,0,NO,NO
AL,11/1/2019,2019,11,73,0,0,0,NO,NO
AL,12/1/2019,2019,12,61,0,0,0,NO,NO
AL,1/1/2020,2020,1,51,0,0,0,NO,NO
AL,2/1/2020,2020,2,32,0,0,0,NO,NO
AL,3/1/2020,2020,3,19,0,0,0,NO,NO
AL,4/1/2020,2020,4,16,0,0,0,NO,NO
AL,5/1/2020,2020,5,12,0,0,0,NO,NO
AL,6/1/2020,2020,6,12,0,0,0,NO,NO
AL,7/1/2020,2020,7,16,0,0,0,NO,NO
AL,8/1/2020,2020,8,28,0,0,0,NO,NO
AL,9/1/2020,2020,9,49,0,0,0,NO,NO
AL,10/1/2020,2020,10,63,0,0,0,NO,NO
AL,11/1/2020,2020,11,47,0,0,0,NO,NO
AL,12/1/2020,2020,12,54,0,0,0,NO,NO
AL,1/1/2021,2021,1,49,0,0,0,NO,NO
AL,2/1/2021,2021,2,25,0,0,0,NO,NO
AL,3/1/2021,2021,3,33,0,0,0,NO,NO
AL,4/1/2021,2021,4,27,0,0,0,NO,NO
AL,5/1/2021,2021,5,26,0,0,0,NO,NO
AL,6/1/2021,2021,6,32,0,0,0,NO,NO
AL,7/1/2021,2021,7,22,0,0,0,NO,NO
AL,8/1/2021,2021,8,26,0,0,0,NO,NO
AL,9/1/2021,2021,9,68,0,0,0,NO,NO
AL,10/1/2021,2021,10,67,0,0,0,NO,NO
AL,11/1/2021,2021,11,63,0,0,0,NO,NO
AL,12/1/2021,2021,12,63,0,0,0,NO,NO
AL,1/1/2022,2022,1,45,0,0,0,NO,NO
AL,2/1/2022,2022,2,27,0,0,0,NO,NO
AL,3/1/2022,2022,3,38,0,0,0,NO,NO
AL,4/1/2022,2022,4,30,0,0,0,NO,NO
AL,5/1/2022,2022,5,28,0,0,0,NO,NO
AL,6/1/2022,2022,6,25,0,0,0,NO,NO
AL,7/1/2022,2022,7,20,0,0,0,NO,NO
AL,8/1/2022,2022,8,31,0,0,0,NO,NO
AL,9/1/2022,2022,9,71,0,0,0,NO,NO
AL,10/1/2022,2022,10,62,0,0,0,NO,NO
AL,11/1/2022,2022,11,59,0,0,0,NO,NO
AL,12/1/2022,2022,12,47,0,0,0,NO,NO
AL,1/1/2023,2023,1,40,0,0,0,NO,NO
AL,2/1/2023,2023,2,28,0,0,0,NO,NO
AL,3/1/2023,2023,3,44,0,0,0,NO,NO
AL,4/1/2023,2023,4,34,0,0,0,NO,NO
AL,5/1/2023,2023,5,32,0,0,0,NO,NO
AL,6/1/2023,2023,6,26,0,0,0,NO,NO
AL,7/1/2023,2023,7,23,0,0,0,NO,NO
AL,8/1/2023,2023,8,30,0,0,0,NO,NO
AL,9/1/2023,2023,9,86,0,0,0,NO,NO
AL,10/1/2023,2023,10,59,0,0,0,NO,NO
AL,11/1/2023,2023,11,61,0,0,0,NO,NO
AL,12/1/2023,2023,12,54,0,0,0,NO,NO
AL,1/1/2024,2024,1,48,0,0,0,NO,NO
AL,2/1/2024,2024,2,22,0,0,0,NO,NO
AL,3/1/2024,2024,3,42,0,0,0,NO,NO
AL,4/1/2024,2024,4,29,0,0,0,NO,NO
AL,5/1/2024,2024,5,25,0,0,0,NO,NO
AL,6/1/2024,2024,6,24,0,0,0,NO,NO
AL,7/1/2024,2024,7,18,0,0,0,NO,NO
AL,8/1/2024,2024,8,36,0,0,0,NO,NO
AL,9/1/2024,2024,9,66,0,0,0,NO,NO
AL,10/1/2024,2024,10,44,0,0,0,NO,NO
AL,11/1/2024,2024,11,47,0,0,0,NO,NO
AL,12/1/2024,2024,12,41,0,0,0,NO,NO
AL,1/1/2025,2025,1,32,0,0,0,NO,NO
AL,2/1/2025,2025,2,24,0,0,0,NO,NO
AL,3/1/2025,2025,3,40,0,0,0,NO,NO
AL,4/1/2025,2025,4,23,0,0,0,NO,NO
AL,5/1/2025,2025,5,21,0,0,0,NO,NO
AL,6/1/2025,2025,6,21,0,0,0,NO,NO
AL,7/1/2025,2025,7,17,0,0,0,NO,NO
AL,8/1/2025,2025,8,36,0,0,0,NO,NO
AL,9/1/2025,2025,9,48,0,0,0,NO,NO
AL,10/1/2025,2025,10,43,0,0,0,NO,NO
AL,11/1/2025,2025,11,85,0,0,0,NO,NO
AR,1/1/2017,2017,1,67,1,0,1,YES,YES
AR,2/1/2017,2017,2,55,1,0,1,YES,YES
AR,3/1/2017,2017,3,78,1,0,1,YES,YES
AR,4/1/2017,2017,4,66,1,0,1,YES,YES
AR,5/1/2017,2017,5,53,1,0,1,YES,YES
AR,6/1/2017,2017,6,60,1,0,1,YES,YES
AR,7/1/2017,2017,7,50,1,0,1,YES,YES
AR,8/1/2017,2017,8,61,1,0,1,YES,YES
AR,9/1/2017,2017,9,93,1,0,1,YES,YES
AR,10/1/2017,2017,10,86,1,0,1,YES,YES
AR,11/1/2017,2017,11,90,1,0,1,YES,YES
AR,12/1/2017,2017,12,80,1,0,1,YES,YES
AR,1/1/2018,2018,1,68,1,0,1,YES,YES
AR,2/1/2018,2018,2,50,1,0,1,YES,YES
AR,3/1/2018,2018,3,75,1,0,1,YES,YES
AR,4/1/2018,2018,4,57,1,0,1,YES,YES
AR,5/1/2018,2018,5,56,1,0,1,YES,YES
AR,6/1/2018,2018,6,84,1,0,1,YES,YES
AR,7/1/2018,2018,7,47,1,0,1,YES,YES
AR,8/1/2018,2018,8,52,1,0,1,YES,YES
AR,9/1/2018,2018,9,96,1,0,1,YES,YES
AR,10/1/2018,2018,10,74,1,0,1,YES,YES
AR,11/1/2018,2018,11,74,1,0,1,YES,YES
AR,12/1/2018,2018,12,78,1,0,1,YES,YES
AR,1/1/2019,2019,1,62,1,0,1,YES,YES
AR,2/1/2019,2019,2,49,1,0,1,YES,YES
AR,3/1/2019,2019,3,67,1,0,1,YES,YES
AR,4/1/2019,2019,4,59,1,0,1,YES,YES
AR,5/1/2019,2019,5,54,1,0,1,YES,YES
AR,6/1/2019,2019,6,65,1,0,1,YES,YES
AR,7/1/2019,2019,7,45,0,0,0,YES,YES
AR,8/1/2019,2019,8,61,0,1,1,YES,YES
AR,9/1/2019,2019,9,88,0,1,1,YES,YES
AR,10/1/2019,2019,10,72,0,1,1,YES,YES
AR,11/1/2019,2019,11,88,0,1,1,YES,YES
AR,12/1/2019,2019,12,75,0,1,1,YES,YES
AR,1/1/2020,2020,1,73,0,1,1,YES,YES
AR,2/1/2020,2020,2,51,0,1,1,YES,YES
AR,3/1/2020,2020,3,34,0,1,1,YES,YES
AR,4/1/2020,2020,4,23,0,1,1,YES,YES
AR,5/1/2020,2020,5,20,0,1,1,YES,YES
AR,6/1/2020,2020,6,18,0,1,1,YES,YES
AR,7/1/2020,2020,7,23,0,1,1,YES,YES
AR,8/1/2020,2020,8,40,0,1,1,YES,YES
AR,9/1/2020,2020,9,57,0,1,1,YES,YES
AR,10/1/2020,2020,10,74,0,1,1,YES,YES
AR,11/1/2020,2020,11,58,0,1,1,YES,YES
AR,12/1/2020,2020,12,58,0,1,1,YES,YES
AR,1/1/2021,2021,1,55,0,1,1,YES,YES
AR,2/1/2021,2021,2,45,0,1,1,YES,YES
AR,3/1/2021,2021,3,57,0,1,1,YES,YES
AR,4/1/2021,2021,4,42,0,1,1,YES,YES
AR,5/1/2021,2021,5,43,0,1,1,YES,YES
AR,6/1/2021,2021,6,63,0,1,1,YES,YES
AR,7/1/2021,2021,7,38,0,1,1,YES,YES
AR,8/1/2021,2021,8,40,0,1,1,YES,YES
AR,9/1/2021,2021,9,87,0,1,1,YES,YES
AR,10/1/2021,2021,10,77,0,1,1,YES,YES
AR,11/1/2021,2021,11,82,0,1,1,YES,YES
AR,12/1/2021,2021,12,66,0,1,1,YES,YES
AR,1/1/2022,2022,1,54,0,1,1,YES,YES
AR,2/1/2022,2022,2,46,0,1,1,YES,YES
AR,3/1/2022,2022,3,66,0,1,1,YES,YES
AR,4/1/2022,2022,4,43,0,1,1,YES,YES
AR,5/1/2022,2022,5,41,0,1,1,YES,YES
AR,6/1/2022,2022,6,55,0,1,1,YES,YES
AR,7/1/2022,2022,7,31,0,1,1,YES,YES
AR,8/1/2022,2022,8,43,0,1,1,YES,YES
AR,9/1/2022,2022,9,100,0,1,1,YES,YES
AR,10/1/2022,2022,10,74,0,1,1,YES,YES
AR,11/1/2022,2022,11,61,0,1,1,YES,YES
AR,12/1/2022,2022,12,58,0,1,1,YES,YES
AR,1/1/2023,2023,1,56,0,1,1,YES,YES
AR,2/1/2023,2023,2,45,0,1,1,YES,YES
AR,3/1/2023,2023,3,63,0,1,1,YES,YES
AR,4/1/2023,2023,4,50,0,1,1,YES,YES
AR,5/1/2023,2023,5,48,0,1,1,YES,YES
AR,6/1/2023,2023,6,48,0,1,1,YES,YES
AR,7/1/2023,2023,7,34,0,1,1,YES,YES
AR,8/1/2023,2023,8,44,0,1,1,YES,YES
AR,9/1/2023,2023,9,82,0,1,1,YES,YES
AR,10/1/2023,2023,10,64,0,1,1,YES,YES
AR,11/1/2023,2023,11,78,0,1,1,YES,YES
AR,12/1/2023,2023,12,62,0,1,1,YES,YES
AR,1/1/2024,2024,1,57,0,1,1,YES,YES
AR,2/1/2024,2024,2,35,0,1,1,YES,YES
AR,3/1/2024,2024,3,50,0,1,1,YES,YES
AR,4/1/2024,2024,4,47,0,1,1,YES,YES
AR,5/1/2024,2024,5,44,0,1,1,YES,YES
AR,6/1/2024,2024,6,36,0,1,1,YES,YES
AR,7/1/2024,2024,7,29,0,1,1,YES,YES
AR,8/1/2024,2024,8,52,0,1,1,YES,YES
AR,9/1/2024,2024,9,65,0,1,1,YES,YES
AR,10/1/2024,2024,10,54,0,1,1,YES,YES
AR,11/1/2024,2024,11,55,0,1,1,YES,YES
AR,12/1/2024,2024,12,49,0,1,1,YES,YES
AR,1/1/2025,2025,1,47,0,1,1,YES,YES
AR,2/1/2025,2025,2,37,0,1,1,YES,YES
AR,3/1/2025,2025,3,59,0,1,1,YES,YES
AR,4/1/2025,2025,4,39,0,1,1,YES,YES
AR,5/1/2025,2025,5,39,0,1,1,YES,YES
AR,6/1/2025,2025,6,44,0,1,1,YES,YES
AR,7/1/2025,2025,7,24,0,1,1,YES,YES
AR,8/1/2025,2025,8,48,0,1,1,YES,YES
AR,9/1/2025,2025,9,60,0,1,1,YES,YES
AR,10/1/2025,2025,10,54,0,1,1,YES,YES
AR,11/1/2025,2025,11,92,0,1,1,YES,YES
AZ,1/1/2017,2017,1,67,1,0,1,YES,YES
AZ,2/1/2017,2017,2,51,1,0,1,YES,YES
AZ,3/1/2017,2017,3,76,1,0,1,YES,YES
AZ,4/1/2017,2017,4,73,1,0,1,YES,YES
AZ,5/1/2017,2017,5,61,1,0,1,YES,YES
AZ,6/1/2017,2017,6,63,1,0,1,YES,YES
AZ,7/1/2017,2017,7,57,1,0,1,YES,YES
AZ,8/1/2017,2017,8,75,1,0,1,YES,YES
AZ,9/1/2017,2017,9,100,1,0,1,YES,YES
AZ,10/1/2017,2017,10,98,1,0,1,YES,YES
AZ,11/1/2017,2017,11,88,1,0,1,YES,YES
AZ,12/1/2017,2017,12,81,1,0,1,YES,YES
AZ,1/1/2018,2018,1,70,1,0,1,YES,YES
AZ,2/1/2018,2018,2,55,1,0,1,YES,YES
AZ,3/1/2018,2018,3,72,1,0,1,YES,YES
AZ,4/1/2018,2018,4,70,1,0,1,YES,YES
AZ,5/1/2018,2018,5,64,1,0,1,YES,YES
AZ,6/1/2018,2018,6,62,1,0,1,YES,YES
AZ,7/1/2018,2018,7,59,1,0,1,YES,YES
AZ,8/1/2018,2018,8,68,1,0,1,YES,YES
AZ,9/1/2018,2018,9,94,1,0,1,YES,YES
AZ,10/1/2018,2018,10,90,1,0,1,YES,YES
AZ,11/1/2018,2018,11,78,1,0,1,YES,YES
AZ,12/1/2018,2018,12,83,1,0,1,YES,YES
AZ,1/1/2019,2019,1,64,1,0,1,YES,YES
AZ,2/1/2019,2019,2,52,1,0,1,YES,YES
AZ,3/1/2019,2019,3,71,1,0,1,YES,YES
AZ,4/1/2019,2019,4,66,1,0,1,YES,YES
AZ,5/1/2019,2019,5,62,1,0,1,YES,YES
AZ,6/1/2019,2019,6,63,1,0,1,YES,YES
AZ,7/1/2019,2019,7,55,1,0,1,YES,YES
AZ,8/1/2019,2019,8,65,1,0,1,YES,YES
AZ,9/1/2019,2019,9,92,1,0,1,YES,YES
AZ,10/1/2019,2019,10,82,1,0,1,YES,YES
AZ,11/1/2019,2019,11,76,1,0,1,YES,YES
AZ,12/1/2019,2019,12,76,1,0,1,YES,YES
AZ,1/1/2020,2020,1,68,1,0,1,YES,YES
AZ,2/1/2020,2020,2,47,1,0,1,YES,YES
AZ,3/1/2020,2020,3,35,1,0,1,YES,YES
AZ,4/1/2020,2020,4,27,1,0,1,YES,YES
AZ,5/1/2020,2020,5,21,1,0,1,YES,YES
AZ,6/1/2020,2020,6,21,1,0,1,YES,YES
AZ,7/1/2020,2020,7,29,1,0,1,YES,YES
AZ,8/1/2020,2020,8,45,1,0,1,YES,YES
AZ,9/1/2020,2020,9,62,1,0,1,YES,YES
AZ,10/1/2020,2020,10,61,1,0,1,YES,YES
AZ,11/1/2020,2020,11,51,1,0,1,YES,YES
AZ,12/1/2020,2020,12,56,1,0,1,YES,YES
AZ,1/1/2021,2021,1,54,1,0,1,YES,YES
AZ,2/1/2021,2021,2,42,1,0,1,YES,YES
AZ,3/1/2021,2021,3,50,1,0,1,YES,YES
AZ,4/1/2021,2021,4,47,1,0,1,YES,YES
AZ,5/1/2021,2021,5,51,1,0,1,YES,YES
AZ,6/1/2021,2021,6,64,1,0,1,YES,YES
AZ,7/1/2021,2021,7,54,1,0,1,YES,YES
AZ,8/1/2021,2021,8,44,1,0,1,YES,YES
AZ,9/1/2021,2021,9,67,1,0,1,YES,YES
AZ,10/1/2021,2021,10,82,0,1,1,YES,YES
AZ,11/1/2021,2021,11,80,0,1,1,YES,YES
AZ,12/1/2021,2021,12,75,0,1,1,YES,YES
AZ,1/1/2022,2022,1,65,0,1,1,YES,YES
AZ,2/1/2022,2022,2,45,0,1,1,YES,YES
AZ,3/1/2022,2022,3,58,0,1,1,YES,YES
AZ,4/1/2022,2022,4,54,0,1,1,YES,YES
AZ,5/1/2022,2022,5,54,0,1,1,YES,YES
AZ,6/1/2022,2022,6,42,0,1,1,YES,YES
AZ,7/1/2022,2022,7,39,0,1,1,YES,YES
AZ,8/1/2022,2022,8,45,0,1,1,YES,YES
AZ,9/1/2022,2022,9,69,0,1,1,YES,YES
AZ,10/1/2022,2022,10,74,0,1,1,YES,YES
AZ,11/1/2022,2022,11,69,0,1,1,YES,YES
AZ,12/1/2022,2022,12,61,0,1,1,YES,YES
AZ,1/1/2023,2023,1,60,0,1,1,YES,YES
AZ,2/1/2023,2023,2,46,0,1,1,YES,YES
AZ,3/1/2023,2023,3,60,0,1,1,YES,YES
AZ,4/1/2023,2023,4,63,0,1,1,YES,YES
AZ,5/1/2023,2023,5,56,0,1,1,YES,YES
AZ,6/1/2023,2023,6,46,0,1,1,YES,YES
AZ,7/1/2023,2023,7,44,0,1,1,YES,YES
AZ,8/1/2023,2023,8,49,0,1,1,YES,YES
AZ,9/1/2023,2023,9,74,0,1,1,YES,YES
AZ,10/1/2023,2023,10,75,0,1,1,YES,YES
AZ,11/1/2023,2023,11,72,0,1,1,YES,YES
AZ,12/1/2023,2023,12,67,0,1,1,YES,YES
AZ,1/1/2024,2024,1,61,0,1,1,YES,YES
AZ,2/1/2024,2024,2,39,0,1,1,YES,YES
AZ,3/1/2024,2024,3,57,0,1,1,YES,YES
AZ,4/1/2024,2024,4,51,0,1,1,YES,YES
AZ,5/1/2024,2024,5,45,0,1,1,YES,YES
AZ,6/1/2024,2024,6,38,0,1,1,YES,YES
AZ,7/1/2024,2024,7,39,0,1,1,YES,YES
AZ,8/1/2024,2024,8,48,0,1,1,YES,YES
AZ,9/1/2024,2024,9,72,0,1,1,YES,YES
AZ,10/1/2024,2024,10,57,0,1,1,YES,YES
AZ,11/1/2024,2024,11,51,0,1,1,YES,YES
AZ,12/1/2024,2024,12,51,0,1,1,YES,YES
AZ,1/1/2025,2025,1,44,0,1,1,YES,YES
AZ,2/1/2025,2025,2,33,0,1,1,YES,YES
AZ,3/1/2025,2025,3,46,0,1,1,YES,YES
AZ,4/1/2025,2025,4,41,0,1,1,YES,YES
AZ,5/1/2025,2025,5,38,0,1,1,YES,YES
AZ,6/1/2025,2025,6,35,0,1,1,YES,YES
AZ,7/1/2025,2025,7,31,0,1,1,YES,YES
AZ,8/1/2025,2025,8,47,0,1,1,YES,YES
AZ,9/1/2025,2025,9,60,0,1,1,YES,YES
AZ,10/1/2025,2025,10,56,0,1,1,YES,YES
AZ,11/1/2025,2025,11,69,0,1,1,YES,YES
CA,1/1/2017,2017,1,78,0,0,0,NO,NO
CA,2/1/2017,2017,2,61,0,0,0,NO,NO
CA,3/1/2017,2017,3,78,0,0,0,NO,NO
CA,4/1/2017,2017,4,83,0,0,0,NO,NO
CA,5/1/2017,2017,5,73,0,0,0,NO,NO
CA,6/1/2017,2017,6,77,0,0,0,NO,NO
CA,7/1/2017,2017,7,72,0,0,0,NO,NO
CA,8/1/2017,2017,8,75,0,0,0,NO,NO
CA,9/1/2017,2017,9,100,0,0,0,NO,NO
CA,10/1/2017,2017,10,98,0,0,0,NO,NO
CA,11/1/2017,2017,11,88,0,0,0,NO,NO
CA,12/1/2017,2017,12,84,0,0,0,NO,NO
CA,1/1/2018,2018,1,73,0,0,0,NO,NO
CA,2/1/2018,2018,2,63,0,0,0,NO,NO
CA,3/1/2018,2018,3,75,0,0,0,NO,NO
CA,4/1/2018,2018,4,82,0,0,0,NO,NO
CA,5/1/2018,2018,5,74,0,0,0,NO,NO
CA,6/1/2018,2018,6,76,0,0,0,NO,NO
CA,7/1/2018,2018,7,70,0,0,0,NO,NO
CA,8/1/2018,2018,8,65,0,0,0,NO,NO
CA,9/1/2018,2018,9,94,0,0,0,NO,NO
CA,10/1/2018,2018,10,97,0,0,0,NO,NO
CA,11/1/2018,2018,11,81,0,0,0,NO,NO
CA,12/1/2018,2018,12,80,0,0,0,NO,NO
CA,1/1/2019,2019,1,74,0,0,0,NO,NO
CA,2/1/2019,2019,2,64,0,0,0,NO,NO
CA,3/1/2019,2019,3,73,0,0,0,NO,NO
CA,4/1/2019,2019,4,70,0,0,0,NO,NO
CA,5/1/2019,2019,5,72,0,0,0,NO,NO
CA,6/1/2019,2019,6,80,0,0,0,NO,NO
CA,7/1/2019,2019,7,67,0,0,0,NO,NO
CA,8/1/2019,2019,8,71,0,0,0,NO,NO
CA,9/1/2019,2019,9,88,0,0,0,NO,NO
CA,10/1/2019,2019,10,85,0,0,0,NO,NO
CA,11/1/2019,2019,11,81,0,0,0,NO,NO
CA,12/1/2019,2019,12,81,0,0,0,NO,NO
CA,1/1/2020,2020,1,73,0,0,0,NO,NO
CA,2/1/2020,2020,2,57,0,0,0,NO,NO
CA,3/1/2020,2020,3,39,0,0,0,NO,NO
CA,4/1/2020,2020,4,28,0,0,0,NO,NO
CA,5/1/2020,2020,5,25,0,0,0,NO,NO
CA,6/1/2020,2020,6,24,0,0,0,NO,NO
CA,7/1/2020,2020,7,36,0,0,0,NO,NO
CA,8/1/2020,2020,8,52,0,0,0,NO,NO
CA,9/1/2020,2020,9,69,0,0,0,NO,NO
CA,10/1/2020,2020,10,72,0,0,0,NO,NO
CA,11/1/2020,2020,11,54,0,0,0,NO,NO
CA,12/1/2020,2020,12,59,0,0,0,NO,NO
CA,1/1/2021,2021,1,60,0,0,0,NO,NO
CA,2/1/2021,2021,2,47,0,0,0,NO,NO
CA,3/1/2021,2021,3,53,0,0,0,NO,NO
CA,4/1/2021,2021,4,53,0,0,0,NO,NO
CA,5/1/2021,2021,5,58,0,0,0,NO,NO
CA,6/1/2021,2021,6,61,0,0,0,NO,NO
CA,7/1/2021,2021,7,57,0,0,0,NO,NO
CA,8/1/2021,2021,8,53,0,0,0,NO,NO
CA,9/1/2021,2021,9,76,0,0,0,NO,NO
CA,10/1/2021,2021,10,82,0,0,0,NO,NO
CA,11/1/2021,2021,11,71,0,0,0,NO,NO
CA,12/1/2021,2021,12,66,0,0,0,NO,NO
CA,1/1/2022,2022,1,61,0,0,0,NO,NO
CA,2/1/2022,2022,2,46,0,0,0,NO,NO
CA,3/1/2022,2022,3,52,0,0,0,NO,NO
CA,4/1/2022,2022,4,52,0,0,0,NO,NO
CA,5/1/2022,2022,5,54,0,0,0,NO,NO
CA,6/1/2022,2022,6,46,0,0,0,NO,NO
CA,7/1/2022,2022,7,42,0,0,0,NO,NO
CA,8/1/2022,2022,8,49,0,0,0,NO,NO
CA,9/1/2022,2022,9,65,0,0,0,NO,NO
CA,10/1/2022,2022,10,70,0,0,0,NO,NO
CA,11/1/2022,2022,11,66,0,0,0,NO,NO
CA,12/1/2022,2022,12,59,0,0,0,NO,NO
CA,1/1/2023,2023,1,58,0,0,0,NO,NO
CA,2/1/2023,2023,2,43,0,0,0,NO,NO
CA,3/1/2023,2023,3,56,0,0,0,NO,NO
CA,4/1/2023,2023,4,61,0,0,0,NO,NO
CA,5/1/2023,2023,5,56,0,0,0,NO,NO
CA,6/1/2023,2023,6,46,0,0,0,NO,NO
CA,7/1/2023,2023,7,45,0,0,0,NO,NO
CA,8/1/2023,2023,8,51,0,0,0,NO,NO
CA,9/1/2023,2023,9,70,0,0,0,NO,NO
CA,10/1/2023,2023,10,68,0,0,0,NO,NO
CA,11/1/2023,2023,11,63,0,0,0,NO,NO
CA,12/1/2023,2023,12,61,0,0,0,NO,NO
CA,1/1/2024,2024,1,57,0,0,0,NO,NO
CA,2/1/2024,2024,2,38,0,0,0,NO,NO
CA,3/1/2024,2024,3,47,0,0,0,NO,NO
CA,4/1/2024,2024,4,49,0,0,0,NO,NO
CA,5/1/2024,2024,5,45,0,0,0,NO,NO
CA,6/1/2024,2024,6,39,0,0,0,NO,NO
CA,7/1/2024,2024,7,34,0,0,0,NO,NO
CA,8/1/2024,2024,8,44,0,0,0,NO,NO
CA,9/1/2024,2024,9,60,0,0,0,NO,NO
CA,10/1/2024,2024,10,56,0,0,0,NO,NO
CA,11/1/2024,2024,11,46,0,0,0,NO,NO
CA,12/1/2024,2024,12,48,0,0,0,NO,NO
CA,1/1/2025,2025,1,43,0,0,0,NO,NO
CA,2/1/2025,2025,2,36,0,0,0,NO,NO
CA,3/1/2025,2025,3,44,0,0,0,NO,NO
CA,4/1/2025,2025,4,46,0,0,0,NO,NO
CA,5/1/2025,2025,5,38,0,0,0,NO,NO
CA,6/1/2025,2025,6,36,0,0,0,NO,NO
CA,7/1/2025,2025,7,31,0,0,0,NO,NO
CA,8/1/2025,2025,8,47,0,0,0,NO,NO
CA,9/1/2025,2025,9,55,0,0,0,NO,NO
CA,10/1/2025,2025,10,56,0,0,0,NO,NO
CA,11/1/2025,2025,11,58,0,0,0,NO,NO
CO,1/1/2017,2017,1,57,1,0,1,YES,YES
CO,2/1/2017,2017,2,47,1,0,1,YES,YES
CO,3/1/2017,2017,3,68,1,0,1,YES,YES
CO,4/1/2017,2017,4,59,1,0,1,YES,YES
CO,5/1/2017,2017,5,52,1,0,1,YES,YES
CO,6/1/2017,2017,6,53,1,0,1,YES,YES
CO,7/1/2017,2017,7,47,1,0,1,YES,YES
CO,8/1/2017,2017,8,62,1,0,1,YES,YES
CO,9/1/2017,2017,9,100,1,0,1,YES,YES
CO,10/1/2017,2017,10,82,1,0,1,YES,YES
CO,11/1/2017,2017,11,73,1,0,1,YES,YES
CO,12/1/2017,2017,12,67,1,0,1,YES,YES
CO,1/1/2018,2018,1,57,1,0,1,YES,YES
CO,2/1/2018,2018,2,44,1,0,1,YES,YES
CO,3/1/2018,2018,3,64,1,0,1,YES,YES
CO,4/1/2018,2018,4,54,1,0,1,YES,YES
CO,5/1/2018,2018,5,48,1,0,1,YES,YES
CO,6/1/2018,2018,6,48,1,0,1,YES,YES
CO,7/1/2018,2018,7,47,1,0,1,YES,YES
CO,8/1/2018,2018,8,59,1,0,1,YES,YES
CO,9/1/2018,2018,9,99,1,0,1,YES,YES
CO,10/1/2018,2018,10,84,1,0,1,YES,YES
CO,11/1/2018,2018,11,66,1,0,1,YES,YES
CO,12/1/2018,2018,12,70,1,0,1,YES,YES
CO,1/1/2019,2019,1,57,1,0,1,YES,YES
CO,2/1/2019,2019,2,45,1,0,1,YES,YES
CO,3/1/2019,2019,3,61,1,0,1,YES,YES
CO,4/1/2019,2019,4,58,1,0,1,YES,YES
CO,5/1/2019,2019,5,51,1,0,1,YES,YES
CO,6/1/2019,2019,6,53,1,0,1,YES,YES
CO,7/1/2019,2019,7,45,1,0,1,YES,YES
CO,8/1/2019,2019,8,58,1,0,1,YES,YES
CO,9/1/2019,2019,9,85,1,0,1,YES,YES
CO,10/1/2019,2019,10,73,1,0,1,YES,YES
CO,11/1/2019,2019,11,69,1,0,1,YES,YES
CO,12/1/2019,2019,12,64,1,0,1,YES,YES
CO,1/1/2020,2020,1,57,1,0,1,YES,YES
CO,2/1/2020,2020,2,40,1,0,1,YES,YES
CO,3/1/2020,2020,3,30,1,0,1,YES,YES
CO,4/1/2020,2020,4,23,1,0,1,YES,YES
CO,5/1/2020,2020,5,18,0,0,0,YES,YES
CO,6/1/2020,2020,6,16,0,1,1,YES,YES
CO,7/1/2020,2020,7,24,0,1,1,YES,YES
CO,8/1/2020,2020,8,42,0,1,1,YES,YES
CO,9/1/2020,2020,9,66,0,1,1,YES,YES
CO,10/1/2020,2020,10,54,0,1,1,YES,YES
CO,11/1/2020,2020,11,49,0,1,1,YES,YES
CO,12/1/2020,2020,12,53,0,1,1,YES,YES
CO,1/1/2021,2021,1,52,0,1,1,YES,YES
CO,2/1/2021,2021,2,38,0,1,1,YES,YES
CO,3/1/2021,2021,3,47,0,1,1,YES,YES
CO,4/1/2021,2021,4,41,0,1,1,YES,YES
CO,5/1/2021,2021,5,44,0,1,1,YES,YES
CO,6/1/2021,2021,6,45,0,1,1,YES,YES
CO,7/1/2021,2021,7,40,0,1,1,YES,YES
CO,8/1/2021,2021,8,41,0,1,1,YES,YES
CO,9/1/2021,2021,9,65,0,1,1,YES,YES
CO,10/1/2021,2021,10,66,0,1,1,YES,YES
CO,11/1/2021,2021,11,63,0,1,1,YES,YES
CO,12/1/2021,2021,12,58,0,1,1,YES,YES
CO,1/1/2022,2022,1,56,0,1,1,YES,YES
CO,2/1/2022,2022,2,37,0,1,1,YES,YES
CO,3/1/2022,2022,3,52,0,1,1,YES,YES
CO,4/1/2022,2022,4,43,0,1,1,YES,YES
CO,5/1/2022,2022,5,40,0,1,1,YES,YES
CO,6/1/2022,2022,6,42,0,1,1,YES,YES
CO,7/1/2022,2022,7,32,0,1,1,YES,YES
CO,8/1/2022,2022,8,41,0,1,1,YES,YES
CO,9/1/2022,2022,9,67,0,1,1,YES,YES
CO,10/1/2022,2022,10,64,0,1,1,YES,YES
CO,11/1/2022,2022,11,58,0,1,1,YES,YES
CO,12/1/2022,2022,12,54,0,1,1,YES,YES
CO,1/1/2023,2023,1,51,0,1,1,YES,YES
CO,2/1/2023,2023,2,38,0,1,1,YES,YES
CO,3/1/2023,2023,3,56,0,1,1,YES,YES
CO,4/1/2023,2023,4,49,0,1,1,YES,YES
CO,5/1/2023,2023,5,46,0,1,1,YES,YES
CO,6/1/2023,2023,6,38,0,1,1,YES,YES
CO,7/1/2023,2023,7,34,0,1,1,YES,YES
CO,8/1/2023,2023,8,42,0,1,1,YES,YES
CO,9/1/2023,2023,9,75,0,1,1,YES,YES
CO,10/1/2023,2023,10,61,0,1,1,YES,YES
CO,11/1/2023,2023,11,63,0,1,1,YES,YES
CO,12/1/2023,2023,12,61,0,1,1,YES,YES
CO,1/1/2024,2024,1,52,0,1,1,YES,YES
CO,2/1/2024,2024,2,33,0,1,1,YES,YES
CO,3/1/2024,2024,3,51,0,1,1,YES,YES
CO,4/1/2024,2024,4,45,0,1,1,YES,YES
CO,5/1/2024,2024,5,40,0,1,1,YES,YES
CO,6/1/2024,2024,6,31,0,1,1,YES,YES
CO,7/1/2024,2024,7,29,0,1,1,YES,YES
CO,8/1/2024,2024,8,43,0,1,1,YES,YES
CO,9/1/2024,2024,9,61,0,1,1,YES,YES
CO,10/1/2024,2024,10,54,0,1,1,YES,YES
CO,11/1/2024,2024,11,47,0,1,1,YES,YES
CO,12/1/2024,2024,12,46,0,1,1,YES,YES
CO,1/1/2025,2025,1,40,0,1,1,YES,YES
CO,2/1/2025,2025,2,28,0,1,1,YES,YES
CO,3/1/2025,2025,3,42,0,1,1,YES,YES
CO,4/1/2025,2025,4,38,0,1,1,YES,YES
CO,5/1/2025,2025,5,35,0,1,1,YES,YES
CO,6/1/2025,2025,6,26,0,1,1,YES,YES
CO,7/1/2025,2025,7,23,0,1,1,YES,YES
CO,8/1/2025,2025,8,44,0,1,1,YES,YES
CO,9/1/2025,2025,9,58,0,1,1,YES,YES
CO,10/1/2025,2025,10,51,0,1,1,YES,YES
CO,11/1/2025,2025,11,63,0,1,1,YES,YES
CT,1/1/2017,2017,1,73,1,0,1,YES,YES
CT,2/1/2017,2017,2,63,1,0,1,YES,YES
CT,3/1/2017,2017,3,89,1,0,1,YES,YES
CT,4/1/2017,2017,4,91,1,0,1,YES,YES
CT,5/1/2017,2017,5,65,1,0,1,YES,YES
CT,6/1/2017,2017,6,67,1,0,1,YES,YES
CT,7/1/2017,2017,7,68,1,0,1,YES,YES
CT,8/1/2017,2017,8,80,1,0,1,YES,YES
CT,9/1/2017,2017,9,98,1,0,1,YES,YES
CT,10/1/2017,2017,10,100,1,0,1,YES,YES
CT,11/1/2017,2017,11,86,1,0,1,YES,YES
CT,12/1/2017,2017,12,81,1,0,1,YES,YES
CT,1/1/2018,2018,1,68,1,0,1,YES,YES
CT,2/1/2018,2018,2,59,1,0,1,YES,YES
CT,3/1/2018,2018,3,79,1,0,1,YES,YES
CT,4/1/2018,2018,4,73,1,0,1,YES,YES
CT,5/1/2018,2018,5,72,1,0,1,YES,YES
CT,6/1/2018,2018,6,69,1,0,1,YES,YES
CT,7/1/2018,2018,7,65,1,0,1,YES,YES
CT,8/1/2018,2018,8,71,1,0,1,YES,YES
CT,9/1/2018,2018,9,96,1,0,1,YES,YES
CT,10/1/2018,2018,10,89,1,0,1,YES,YES
CT,11/1/2018,2018,11,73,1,0,1,YES,YES
CT,12/1/2018,2018,12,76,1,0,1,YES,YES
CT,1/1/2019,2019,1,64,1,0,1,YES,YES
CT,2/1/2019,2019,2,56,1,0,1,YES,YES
CT,3/1/2019,2019,3,79,1,0,1,YES,YES
CT,4/1/2019,2019,4,75,1,0,1,YES,YES
CT,5/1/2019,2019,5,66,1,0,1,YES,YES
CT,6/1/2019,2019,6,71,1,0,1,YES,YES
CT,7/1/2019,2019,7,67,1,0,1,YES,YES
CT,8/1/2019,2019,8,74,1,0,1,YES,YES
CT,9/1/2019,2019,9,92,1,0,1,YES,YES
CT,10/1/2019,2019,10,82,1,0,1,YES,YES
CT,11/1/2019,2019,11,72,1,0,1,YES,YES
CT,12/1/2019,2019,12,71,1,0,1,YES,YES
CT,1/1/2020,2020,1,65,1,0,1,YES,YES
CT,2/1/2020,2020,2,50,1,0,1,YES,YES
CT,3/1/2020,2020,3,37,1,0,1,YES,YES
CT,4/1/2020,2020,4,28,1,0,1,YES,YES
CT,5/1/2020,2020,5,22,1,0,1,YES,YES
CT,6/1/2020,2020,6,22,1,0,1,YES,YES
CT,7/1/2020,2020,7,30,1,0,1,YES,YES
CT,8/1/2020,2020,8,48,1,0,1,YES,YES
CT,9/1/2020,2020,9,69,1,0,1,YES,YES
CT,10/1/2020,2020,10,62,1,0,1,YES,YES
CT,11/1/2020,2020,11,52,1,0,1,YES,YES
CT,12/1/2020,2020,12,61,1,0,1,YES,YES
CT,1/1/2021,2021,1,58,1,0,1,YES,YES
CT,2/1/2021,2021,2,46,1,0,1,YES,YES
CT,3/1/2021,2021,3,56,1,0,1,YES,YES
CT,4/1/2021,2021,4,51,1,0,1,YES,YES
CT,5/1/2021,2021,5,54,1,0,1,YES,YES
CT,6/1/2021,2021,6,55,1,0,1,YES,YES
CT,7/1/2021,2021,7,52,1,0,1,YES,YES
CT,8/1/2021,2021,8,50,1,0,1,YES,YES
CT,9/1/2021,2021,9,72,1,0,1,YES,YES
CT,10/1/2021,2021,10,77,1,0,1,YES,YES
CT,11/1/2021,2021,11,67,0,1,1,YES,YES
CT,12/1/2021,2021,12,65,0,1,1,YES,YES
CT,1/1/2022,2022,1,63,0,1,1,YES,YES
CT,2/1/2022,2022,2,48,0,1,1,YES,YES
CT,3/1/2022,2022,3,63,0,1,1,YES,YES
CT,4/1/2022,2022,4,58,0,1,1,YES,YES
CT,5/1/2022,2022,5,60,0,1,1,YES,YES
CT,6/1/2022,2022,6,52,0,1,1,YES,YES
CT,7/1/2022,2022,7,51,0,1,1,YES,YES
CT,8/1/2022,2022,8,58,0,1,1,YES,YES
CT,9/1/2022,2022,9,73,0,1,1,YES,YES
CT,10/1/2022,2022,10,76,0,1,1,YES,YES
CT,11/1/2022,2022,11,66,0,1,1,YES,YES
CT,12/1/2022,2022,12,64,0,1,1,YES,YES
CT,1/1/2023,2023,1,62,0,1,1,YES,YES
CT,2/1/2023,2023,2,50,0,1,1,YES,YES
CT,3/1/2023,2023,3,70,0,1,1,YES,YES
CT,4/1/2023,2023,4,69,0,1,1,YES,YES
CT,5/1/2023,2023,5,57,0,1,1,YES,YES
CT,6/1/2023,2023,6,48,0,1,1,YES,YES
CT,7/1/2023,2023,7,48,0,1,1,YES,YES
CT,8/1/2023,2023,8,56,0,1,1,YES,YES
CT,9/1/2023,2023,9,75,0,1,1,YES,YES
CT,10/1/2023,2023,10,66,0,1,1,YES,YES
CT,11/1/2023,2023,11,65,0,1,1,YES,YES
CT,12/1/2023,2023,12,65,0,1,1,YES,YES
CT,1/1/2024,2024,1,62,0,1,1,YES,YES
CT,2/1/2024,2024,2,42,0,1,1,YES,YES
CT,3/1/2024,2024,3,69,0,1,1,YES,YES
CT,4/1/2024,2024,4,57,0,1,1,YES,YES
CT,5/1/2024,2024,5,48,0,1,1,YES,YES
CT,6/1/2024,2024,6,46,0,1,1,YES,YES
CT,7/1/2024,2024,7,39,0,1,1,YES,YES
CT,8/1/2024,2024,8,51,0,1,1,YES,YES
CT,9/1/2024,2024,9,71,0,1,1,YES,YES
CT,10/1/2024,2024,10,63,0,1,1,YES,YES
CT,11/1/2024,2024,11,54,0,1,1,YES,YES
CT,12/1/2024,2024,12,56,0,1,1,YES,YES
CT,1/1/2025,2025,1,45,0,1,1,YES,YES
CT,2/1/2025,2025,2,37,0,1,1,YES,YES
CT,3/1/2025,2025,3,59,0,1,1,YES,YES
CT,4/1/2025,2025,4,46,0,1,1,YES,YES
CT,5/1/2025,2025,5,45,0,1,1,YES,YES
CT,6/1/2025,2025,6,34,0,1,1,YES,YES
CT,7/1/2025,2025,7,35,0,1,1,YES,YES
CT,8/1/2025,2025,8,57,0,1,1,YES,YES
CT,9/1/2025,2025,9,63,0,1,1,YES,YES
CT,10/1/2025,2025,10,59,0,1,1,YES,YES
CT,11/1/2025,2025,11,71,0,1,1,YES,YES
DC,1/1/2017,2017,1,73,1,0,1,YES,YES
DC,2/1/2017,2017,2,58,1,0,1,YES,YES
DC,3/1/2017,2017,3,84,1,0,1,YES,YES
DC,4/1/2017,2017,4,81,1,0,1,YES,YES
DC,5/1/2017,2017,5,65,1,0,1,YES,YES
DC,6/1/2017,2017,6,55,1,0,1,YES,YES
DC,7/1/2017,2017,7,58,1,0,1,YES,YES
DC,8/1/2017,2017,8,69,1,0,1,YES,YES
DC,9/1/2017,2017,9,97,1,0,1,YES,YES
DC,10/1/2017,2017,10,100,1,0,1,YES,YES
DC,11/1/2017,2017,11,81,1,0,1,YES,YES
DC,12/1/2017,2017,12,66,1,0,1,YES,YES
DC,1/1/2018,2018,1,59,1,0,1,YES,YES
DC,2/1/2018,2018,2,46,1,0,1,YES,YES
DC,3/1/2018,2018,3,66,1,0,1,YES,YES
DC,4/1/2018,2018,4,61,1,0,1,YES,YES
DC,5/1/2018,2018,5,55,1,0,1,YES,YES
DC,6/1/2018,2018,6,55,1,0,1,YES,YES
DC,7/1/2018,2018,7,51,1,0,1,YES,YES
DC,8/1/2018,2018,8,53,1,0,1,YES,YES
DC,9/1/2018,2018,9,75,1,0,1,YES,YES
DC,10/1/2018,2018,10,72,1,0,1,YES,YES
DC,11/1/2018,2018,11,64,1,0,1,YES,YES
DC,12/1/2018,2018,12,67,1,0,1,YES,YES
DC,1/1/2019,2019,1,56,1,0,1,YES,YES
DC,2/1/2019,2019,2,47,1,0,1,YES,YES
DC,3/1/2019,2019,3,67,1,0,1,YES,YES
DC,4/1/2019,2019,4,53,1,0,1,YES,YES
DC,5/1/2019,2019,5,51,1,0,1,YES,YES
DC,6/1/2019,2019,6,59,1,0,1,YES,YES
DC,7/1/2019,2019,7,47,1,0,1,YES,YES
DC,8/1/2019,2019,8,54,1,0,1,YES,YES
DC,9/1/2019,2019,9,75,1,0,1,YES,YES
DC,10/1/2019,2019,10,65,1,0,1,YES,YES
DC,11/1/2019,2019,11,60,1,0,1,YES,YES
DC,12/1/2019,2019,12,62,1,0,1,YES,YES
DC,1/1/2020,2020,1,55,1,0,1,YES,YES
DC,2/1/2020,2020,2,39,1,0,1,YES,YES
DC,3/1/2020,2020,3,33,1,0,1,YES,YES
DC,4/1/2020,2020,4,27,1,0,1,YES,YES
DC,5/1/2020,2020,5,22,1,0,1,YES,YES
DC,6/1/2020,2020,6,19,0,1,1,YES,YES
DC,7/1/2020,2020,7,28,0,1,1,YES,YES
DC,8/1/2020,2020,8,42,0,1,1,YES,YES
DC,9/1/2020,2020,9,60,0,1,1,YES,YES
DC,10/1/2020,2020,10,53,0,1,1,YES,YES
DC,11/1/2020,2020,11,45,0,1,1,YES,YES
DC,12/1/2020,2020,12,50,0,1,1,YES,YES
DC,1/1/2021,2021,1,45,0,1,1,YES,YES
DC,2/1/2021,2021,2,35,0,1,1,YES,YES
DC,3/1/2021,2021,3,47,0,1,1,YES,YES
DC,4/1/2021,2021,4,38,0,1,1,YES,YES
DC,5/1/2021,2021,5,43,0,1,1,YES,YES
DC,6/1/2021,2021,6,50,0,1,1,YES,YES
DC,7/1/2021,2021,7,41,0,1,1,YES,YES
DC,8/1/2021,2021,8,43,0,1,1,YES,YES
DC,9/1/2021,2021,9,58,0,1,1,YES,YES
DC,10/1/2021,2021,10,65,0,1,1,YES,YES
DC,11/1/2021,2021,11,61,0,1,1,YES,YES
DC,12/1/2021,2021,12,63,0,1,1,YES,YES
DC,1/1/2022,2022,1,50,0,1,1,YES,YES
DC,2/1/2022,2022,2,35,0,1,1,YES,YES
DC,3/1/2022,2022,3,50,0,1,1,YES,YES
DC,4/1/2022,2022,4,40,0,1,1,YES,YES
DC,5/1/2022,2022,5,40,0,1,1,YES,YES
DC,6/1/2022,2022,6,31,0,1,1,YES,YES
DC,7/1/2022,2022,7,30,0,1,1,YES,YES
DC,8/1/2022,2022,8,38,0,1,1,YES,YES
DC,9/1/2022,2022,9,56,0,1,1,YES,YES
DC,10/1/2022,2022,10,54,0,1,1,YES,YES
DC,11/1/2022,2022,11,51,0,1,1,YES,YES
DC,12/1/2022,2022,12,52,0,1,1,YES,YES
DC,1/1/2023,2023,1,48,0,1,1,YES,YES
DC,2/1/2023,2023,2,36,0,1,1,YES,YES
DC,3/1/2023,2023,3,54,0,1,1,YES,YES
DC,4/1/2023,2023,4,50,0,1,1,YES,YES
DC,5/1/2023,2023,5,45,0,1,1,YES,YES
DC,6/1/2023,2023,6,37,0,1,1,YES,YES
DC,7/1/2023,2023,7,38,0,1,1,YES,YES
DC,8/1/2023,2023,8,38,0,1,1,YES,YES
DC,9/1/2023,2023,9,56,0,1,1,YES,YES
DC,10/1/2023,2023,10,48,0,1,1,YES,YES
DC,11/1/2023,2023,11,47,0,1,1,YES,YES
DC,12/1/2023,2023,12,46,0,1,1,YES,YES
DC,1/1/2024,2024,1,42,0,1,1,YES,YES
DC,2/1/2024,2024,2,28,0,1,1,YES,YES
DC,3/1/2024,2024,3,48,0,1,1,YES,YES
DC,4/1/2024,2024,4,40,0,1,1,YES,YES
DC,5/1/2024,2024,5,34,0,1,1,YES,YES
DC,6/1/2024,2024,6,31,0,1,1,YES,YES
DC,7/1/2024,2024,7,29,0,1,1,YES,YES
DC,8/1/2024,2024,8,37,0,1,1,YES,YES
DC,9/1/2024,2024,9,54,0,1,1,YES,YES
DC,10/1/2024,2024,10,48,0,1,1,YES,YES
DC,11/1/2024,2024,11,39,0,1,1,YES,YES
DC,12/1/2024,2024,12,40,0,1,1,YES,YES
DC,1/1/2025,2025,1,35,0,1,1,YES,YES
DC,2/1/2025,2025,2,26,0,1,1,YES,YES
DC,3/1/2025,2025,3,40,0,1,1,YES,YES
DC,4/1/2025,2025,4,28,0,1,1,YES,YES
DC,5/1/2025,2025,5,25,0,1,1,YES,YES
DC,6/1/2025,2025,6,25,0,1,1,YES,YES
DC,7/1/2025,2025,7,30,0,1,1,YES,YES
DC,8/1/2025,2025,8,43,0,1,1,YES,YES
DC,9/1/2025,2025,9,47,0,1,1,YES,YES
DC,10/1/2025,2025,10,38,0,1,1,YES,YES
DC,11/1/2025,2025,11,49,0,1,1,YES,YES
DE,1/1/2017,2017,1,65,1,0,1,YES,YES
DE,2/1/2017,2017,2,48,1,0,1,YES,YES
DE,3/1/2017,2017,3,71,1,0,1,YES,YES
DE,4/1/2017,2017,4,71,1,0,1,YES,YES
DE,5/1/2017,2017,5,59,1,0,1,YES,YES
DE,6/1/2017,2017,6,57,1,0,1,YES,YES
DE,7/1/2017,2017,7,52,1,0,1,YES,YES
DE,8/1/2017,2017,8,71,1,0,1,YES,YES
DE,9/1/2017,2017,9,100,1,0,1,YES,YES
DE,10/1/2017,2017,10,97,1,0,1,YES,YES
DE,11/1/2017,2017,11,83,1,0,1,YES,YES
DE,12/1/2017,2017,12,83,1,0,1,YES,YES
DE,1/1/2018,2018,1,65,1,0,1,YES,YES
DE,2/1/2018,2018,2,57,1,0,1,YES,YES
DE,3/1/2018,2018,3,70,1,0,1,YES,YES
DE,4/1/2018,2018,4,70,1,0,1,YES,YES
DE,5/1/2018,2018,5,58,1,0,1,YES,YES
DE,6/1/2018,2018,6,59,1,0,1,YES,YES
DE,7/1/2018,2018,7,63,0,1,1,YES,YES
DE,8/1/2018,2018,8,68,0,1,1,YES,YES
DE,9/1/2018,2018,9,90,0,1,1,YES,YES
DE,10/1/2018,2018,10,83,0,1,1,YES,YES
DE,11/1/2018,2018,11,76,0,1,1,YES,YES
DE,12/1/2018,2018,12,80,0,1,1,YES,YES
DE,1/1/2019,2019,1,61,0,1,1,YES,YES
DE,2/1/2019,2019,2,56,0,1,1,YES,YES
DE,3/1/2019,2019,3,69,0,1,1,YES,YES
DE,4/1/2019,2019,4,72,0,1,1,YES,YES
DE,5/1/2019,2019,5,62,0,1,1,YES,YES
DE,6/1/2019,2019,6,62,0,1,1,YES,YES
DE,7/1/2019,2019,7,60,0,1,1,YES,YES
DE,8/1/2019,2019,8,67,0,1,1,YES,YES
DE,9/1/2019,2019,9,96,0,1,1,YES,YES
DE,10/1/2019,2019,10,82,0,1,1,YES,YES
DE,11/1/2019,2019,11,71,0,1,1,YES,YES
DE,12/1/2019,2019,12,76,0,1,1,YES,YES
DE,1/1/2020,2020,1,64,0,1,1,YES,YES
DE,2/1/2020,2020,2,49,0,1,1,YES,YES
DE,3/1/2020,2020,3,34,0,1,1,YES,YES
DE,4/1/2020,2020,4,24,0,1,1,YES,YES
DE,5/1/2020,2020,5,19,0,1,1,YES,YES
DE,6/1/2020,2020,6,19,0,1,1,YES,YES
DE,7/1/2020,2020,7,29,0,1,1,YES,YES
DE,8/1/2020,2020,8,46,0,1,1,YES,YES
DE,9/1/2020,2020,9,67,0,1,1,YES,YES
DE,10/1/2020,2020,10,65,0,1,1,YES,YES
DE,11/1/2020,2020,11,55,0,1,1,YES,YES
DE,12/1/2020,2020,12,57,0,1,1,YES,YES
DE,1/1/2021,2021,1,54,0,1,1,YES,YES
DE,2/1/2021,2021,2,39,0,1,1,YES,YES
DE,3/1/2021,2021,3,45,0,1,1,YES,YES
DE,4/1/2021,2021,4,45,0,1,1,YES,YES
DE,5/1/2021,2021,5,48,0,1,1,YES,YES
DE,6/1/2021,2021,6,50,0,1,1,YES,YES
DE,7/1/2021,2021,7,46,0,1,1,YES,YES
DE,8/1/2021,2021,8,48,0,1,1,YES,YES
DE,9/1/2021,2021,9,68,0,1,1,YES,YES
DE,10/1/2021,2021,10,70,0,1,1,YES,YES
DE,11/1/2021,2021,11,61,0,1,1,YES,YES
DE,12/1/2021,2021,12,65,0,1,1,YES,YES
DE,1/1/2022,2022,1,57,0,1,1,YES,YES
DE,2/1/2022,2022,2,40,0,1,1,YES,YES
DE,3/1/2022,2022,3,55,0,1,1,YES,YES
DE,4/1/2022,2022,4,54,0,1,1,YES,YES
DE,5/1/2022,2022,5,47,0,1,1,YES,YES
DE,6/1/2022,2022,6,44,0,1,1,YES,YES
DE,7/1/2022,2022,7,44,0,1,1,YES,YES
DE,8/1/2022,2022,8,56,0,1,1,YES,YES
DE,9/1/2022,2022,9,78,0,1,1,YES,YES
DE,10/1/2022,2022,10,74,0,1,1,YES,YES
DE,11/1/2022,2022,11,64,0,1,1,YES,YES
DE,12/1/2022,2022,12,62,0,1,1,YES,YES
DE,1/1/2023,2023,1,58,0,1,1,YES,YES
DE,2/1/2023,2023,2,38,0,1,1,YES,YES
DE,3/1/2023,2023,3,55,0,1,1,YES,YES
DE,4/1/2023,2023,4,57,0,1,1,YES,YES
DE,5/1/2023,2023,5,52,0,1,1,YES,YES
DE,6/1/2023,2023,6,44,0,1,1,YES,YES
DE,7/1/2023,2023,7,47,0,1,1,YES,YES
DE,8/1/2023,2023,8,59,0,1,1,YES,YES
DE,9/1/2023,2023,9,79,0,1,1,YES,YES
DE,10/1/2023,2023,10,82,0,1,1,YES,YES
DE,11/1/2023,2023,11,71,0,1,1,YES,YES
DE,12/1/2023,2023,12,69,0,1,1,YES,YES
DE,1/1/2024,2024,1,64,0,1,1,YES,YES
DE,2/1/2024,2024,2,37,0,1,1,YES,YES
DE,3/1/2024,2024,3,51,0,1,1,YES,YES
DE,4/1/2024,2024,4,55,0,1,1,YES,YES
DE,5/1/2024,2024,5,46,0,1,1,YES,YES
DE,6/1/2024,2024,6,45,0,1,1,YES,YES
DE,7/1/2024,2024,7,42,0,1,1,YES,YES
DE,8/1/2024,2024,8,55,0,1,1,YES,YES
DE,9/1/2024,2024,9,72,0,1,1,YES,YES
DE,10/1/2024,2024,10,56,0,1,1,YES,YES
DE,11/1/2024,2024,11,49,0,1,1,YES,YES
DE,12/1/2024,2024,12,51,0,1,1,YES,YES
DE,1/1/2025,2025,1,44,0,1,1,YES,YES
DE,2/1/2025,2025,2,33,0,1,1,YES,YES
DE,3/1/2025,2025,3,44,0,1,1,YES,YES
DE,4/1/2025,2025,4,43,0,1,1,YES,YES
DE,5/1/2025,2025,5,42,0,1,1,YES,YES
DE,6/1/2025,2025,6,36,0,1,1,YES,YES
DE,7/1/2025,2025,7,36,0,1,1,YES,YES
DE,8/1/2025,2025,8,53,0,1,1,YES,YES
DE,9/1/2025,2025,9,68,0,1,1,YES,YES
DE,10/1/2025,2025,10,56,0,1,1,YES,YES
DE,11/1/2025,2025,11,71,0,1,1,YES,YES
FL,1/1/2017,2017,1,69,1,0,1,YES,YES
FL,2/1/2017,2017,2,53,1,0,1,YES,YES
FL,3/1/2017,2017,3,69,1,0,1,YES,YES
FL,4/1/2017,2017,4,68,1,0,1,YES,YES
FL,5/1/2017,2017,5,57,1,0,1,YES,YES
FL,6/1/2017,2017,6,58,1,0,1,YES,YES
FL,7/1/2017,2017,7,53,1,0,1,YES,YES
FL,8/1/2017,2017,8,64,1,0,1,YES,YES
FL,9/1/2017,2017,9,91,1,0,1,YES,YES
FL,10/1/2017,2017,10,93,1,0,1,YES,YES
FL,11/1/2017,2017,11,88,1,0,1,YES,YES
FL,12/1/2017,2017,12,79,1,0,1,YES,YES
FL,1/1/2018,2018,1,66,1,0,1,YES,YES
FL,2/1/2018,2018,2,52,1,0,1,YES,YES
FL,3/1/2018,2018,3,69,1,0,1,YES,YES
FL,4/1/2018,2018,4,64,1,0,1,YES,YES
FL,5/1/2018,2018,5,63,1,0,1,YES,YES
FL,6/1/2018,2018,6,60,1,0,1,YES,YES
FL,7/1/2018,2018,7,55,1,0,1,YES,YES
FL,8/1/2018,2018,8,59,1,0,1,YES,YES
FL,9/1/2018,2018,9,100,1,0,1,YES,YES
FL,10/1/2018,2018,10,83,1,0,1,YES,YES
FL,11/1/2018,2018,11,78,1,0,1,YES,YES
FL,12/1/2018,2018,12,77,1,0,1,YES,YES
FL,1/1/2019,2019,1,63,1,0,1,YES,YES
FL,2/1/2019,2019,2,50,1,0,1,YES,YES
FL,3/1/2019,2019,3,68,1,0,1,YES,YES
FL,4/1/2019,2019,4,62,1,0,1,YES,YES
FL,5/1/2019,2019,5,60,1,0,1,YES,YES
FL,6/1/2019,2019,6,64,1,0,1,YES,YES
FL,7/1/2019,2019,7,54,1,0,1,YES,YES
FL,8/1/2019,2019,8,62,1,0,1,YES,YES
FL,9/1/2019,2019,9,85,1,0,1,YES,YES
FL,10/1/2019,2019,10,80,1,0,1,YES,YES
FL,11/1/2019,2019,11,74,1,0,1,YES,YES
FL,12/1/2019,2019,12,73,1,0,1,YES,YES
FL,1/1/2020,2020,1,62,1,0,1,YES,YES
FL,2/1/2020,2020,2,46,1,0,1,YES,YES
FL,3/1/2020,2020,3,33,1,0,1,YES,YES
FL,4/1/2020,2020,4,25,1,0,1,YES,YES
FL,5/1/2020,2020,5,20,1,0,1,YES,YES
FL,6/1/2020,2020,6,19,1,0,1,YES,YES
FL,7/1/2020,2020,7,27,1,0,1,YES,YES
FL,8/1/2020,2020,8,42,1,0,1,YES,YES
FL,9/1/2020,2020,9,66,1,0,1,YES,YES
FL,10/1/2020,2020,10,67,1,0,1,YES,YES
FL,11/1/2020,2020,11,53,1,0,1,YES,YES
FL,12/1/2020,2020,12,57,1,0,1,YES,YES
FL,1/1/2021,2021,1,50,1,0,1,YES,YES
FL,2/1/2021,2021,2,36,1,0,1,YES,YES
FL,3/1/2021,2021,3,43,1,0,1,YES,YES
FL,4/1/2021,2021,4,42,1,0,1,YES,YES
FL,5/1/2021,2021,5,44,1,0,1,YES,YES
FL,6/1/2021,2021,6,50,1,0,1,YES,YES
FL,7/1/2021,2021,7,39,1,0,1,YES,YES
FL,8/1/2021,2021,8,42,1,0,1,YES,YES
FL,9/1/2021,2021,9,64,1,0,1,YES,YES
FL,10/1/2021,2021,10,71,1,0,1,YES,YES
FL,11/1/2021,2021,11,69,1,0,1,YES,YES
FL,12/1/2021,2021,12,63,1,0,1,YES,YES
FL,1/1/2022,2022,1,53,1,0,1,YES,YES
FL,2/1/2022,2022,2,38,1,0,1,YES,YES
FL,3/1/2022,2022,3,48,1,0,1,YES,YES
FL,4/1/2022,2022,4,45,1,0,1,YES,YES
FL,5/1/2022,2022,5,48,1,0,1,YES,YES
FL,6/1/2022,2022,6,41,1,0,1,YES,YES
FL,7/1/2022,2022,7,35,1,0,1,YES,YES
FL,8/1/2022,2022,8,44,1,0,1,YES,YES
FL,9/1/2022,2022,9,68,1,0,1,YES,YES
FL,10/1/2022,2022,10,70,1,0,1,YES,YES
FL,11/1/2022,2022,11,60,1,0,1,YES,YES
FL,12/1/2022,2022,12,58,1,0,1,YES,YES
FL,1/1/2023,2023,1,58,1,0,1,YES,YES
FL,2/1/2023,2023,2,41,1,0,1,YES,YES
FL,3/1/2023,2023,3,50,1,0,1,YES,YES
FL,4/1/2023,2023,4,55,1,0,1,YES,YES
FL,5/1/2023,2023,5,51,1,0,1,YES,YES
FL,6/1/2023,2023,6,42,1,0,1,YES,YES
FL,7/1/2023,2023,7,37,1,0,1,YES,YES
FL,8/1/2023,2023,8,45,0,1,1,YES,YES
FL,9/1/2023,2023,9,80,0,1,1,YES,YES
FL,10/1/2023,2023,10,67,0,1,1,YES,YES
FL,11/1/2023,2023,11,64,0,1,1,YES,YES
FL,12/1/2023,2023,12,63,0,1,1,YES,YES
FL,1/1/2024,2024,1,58,0,1,1,YES,YES
FL,2/1/2024,2024,2,35,0,1,1,YES,YES
FL,3/1/2024,2024,3,45,0,1,1,YES,YES
FL,4/1/2024,2024,4,45,0,1,1,YES,YES
FL,5/1/2024,2024,5,43,0,1,1,YES,YES
FL,6/1/2024,2024,6,39,0,1,1,YES,YES
FL,7/1/2024,2024,7,31,0,1,1,YES,YES
FL,8/1/2024,2024,8,43,0,1,1,YES,YES
FL,9/1/2024,2024,9,64,0,1,1,YES,YES
FL,10/1/2024,2024,10,51,0,1,1,YES,YES
FL,11/1/2024,2024,11,47,0,1,1,YES,YES
FL,12/1/2024,2024,12,47,0,1,1,YES,YES
FL,1/1/2025,2025,1,41,0,1,1,YES,YES
FL,2/1/2025,2025,2,32,0,1,1,YES,YES
FL,3/1/2025,2025,3,42,0,1,1,YES,YES
FL,4/1/2025,2025,4,39,0,1,1,YES,YES
FL,5/1/2025,2025,5,37,0,1,1,YES,YES
FL,6/1/2025,2025,6,31,0,1,1,YES,YES
FL,7/1/2025,2025,7,27,0,1,1,YES,YES
FL,8/1/2025,2025,8,44,0,1,1,YES,YES
FL,9/1/2025,2025,9,55,0,1,1,YES,YES
FL,10/1/2025,2025,10,55,0,1,1,YES,YES
FL,11/1/2025,2025,11,64,0,1,1,YES,YES
GA,1/1/2017,2017,1,73,0,0,0,NO,NO
GA,2/1/2017,2017,2,48,0,0,0,NO,NO
GA,3/1/2017,2017,3,64,0,0,0,NO,NO
GA,4/1/2017,2017,4,62,0,0,0,NO,NO
GA,5/1/2017,2017,5,51,0,0,0,NO,NO
GA,6/1/2017,2017,6,50,0,0,0,NO,NO
GA,7/1/2017,2017,7,47,0,0,0,NO,NO
GA,8/1/2017,2017,8,53,0,0,0,NO,NO
GA,9/1/2017,2017,9,98,0,0,0,NO,NO
GA,10/1/2017,2017,10,97,0,0,0,NO,NO
GA,11/1/2017,2017,11,88,0,0,0,NO,NO
GA,12/1/2017,2017,12,82,0,0,0,NO,NO
GA,1/1/2018,2018,1,75,0,0,0,NO,NO
GA,2/1/2018,2018,2,46,0,0,0,NO,NO
GA,3/1/2018,2018,3,56,0,0,0,NO,NO
GA,4/1/2018,2018,4,56,0,0,0,NO,NO
GA,5/1/2018,2018,5,54,0,0,0,NO,NO
GA,6/1/2018,2018,6,50,0,0,0,NO,NO
GA,7/1/2018,2018,7,47,0,0,0,NO,NO
GA,8/1/2018,2018,8,52,0,0,0,NO,NO
GA,9/1/2018,2018,9,100,0,0,0,NO,NO
GA,10/1/2018,2018,10,82,0,0,0,NO,NO
GA,11/1/2018,2018,11,79,0,0,0,NO,NO
GA,12/1/2018,2018,12,74,0,0,0,NO,NO
GA,1/1/2019,2019,1,57,0,0,0,NO,NO
GA,2/1/2019,2019,2,45,0,0,0,NO,NO
GA,3/1/2019,2019,3,57,0,0,0,NO,NO
GA,4/1/2019,2019,4,54,0,0,0,NO,NO
GA,5/1/2019,2019,5,49,0,0,0,NO,NO
GA,6/1/2019,2019,6,55,0,0,0,NO,NO
GA,7/1/2019,2019,7,52,0,0,0,NO,NO
GA,8/1/2019,2019,8,58,0,0,0,NO,NO
GA,9/1/2019,2019,9,86,0,0,0,NO,NO
GA,10/1/2019,2019,10,76,0,0,0,NO,NO
GA,11/1/2019,2019,11,77,0,0,0,NO,NO
GA,12/1/2019,2019,12,67,0,0,0,NO,NO
GA,1/1/2020,2020,1,60,0,0,0,NO,NO
GA,2/1/2020,2020,2,37,0,0,0,NO,NO
GA,3/1/2020,2020,3,29,0,0,0,NO,NO
GA,4/1/2020,2020,4,22,0,0,0,NO,NO
GA,5/1/2020,2020,5,17,0,0,0,NO,NO
GA,6/1/2020,2020,6,17,0,0,0,NO,NO
GA,7/1/2020,2020,7,22,0,0,0,NO,NO
GA,8/1/2020,2020,8,32,0,0,0,NO,NO
GA,9/1/2020,2020,9,57,0,0,0,NO,NO
GA,10/1/2020,2020,10,65,0,0,0,NO,NO
GA,11/1/2020,2020,11,48,0,0,0,NO,NO
GA,12/1/2020,2020,12,50,0,0,0,NO,NO
GA,1/1/2021,2021,1,48,0,0,0,NO,NO
GA,2/1/2021,2021,2,32,0,0,0,NO,NO
GA,3/1/2021,2021,3,37,0,0,0,NO,NO
GA,4/1/2021,2021,4,37,0,0,0,NO,NO
GA,5/1/2021,2021,5,38,0,0,0,NO,NO
GA,6/1/2021,2021,6,44,0,0,0,NO,NO
GA,7/1/2021,2021,7,35,0,0,0,NO,NO
GA,8/1/2021,2021,8,35,0,0,0,NO,NO
GA,9/1/2021,2021,9,66,0,0,0,NO,NO
GA,10/1/2021,2021,10,78,0,0,0,NO,NO
GA,11/1/2021,2021,11,67,0,0,0,NO,NO
GA,12/1/2021,2021,12,57,0,0,0,NO,NO
GA,1/1/2022,2022,1,52,0,0,0,NO,NO
GA,2/1/2022,2022,2,33,0,0,0,NO,NO
GA,3/1/2022,2022,3,44,0,0,0,NO,NO
GA,4/1/2022,2022,4,41,0,0,0,NO,NO
GA,5/1/2022,2022,5,39,0,0,0,NO,NO
GA,6/1/2022,2022,6,31,0,0,0,NO,NO
GA,7/1/2022,2022,7,30,0,0,0,NO,NO
GA,8/1/2022,2022,8,39,0,0,0,NO,NO
GA,9/1/2022,2022,9,69,0,0,0,NO,NO
GA,10/1/2022,2022,10,65,0,0,0,NO,NO
GA,11/1/2022,2022,11,59,0,0,0,NO,NO
GA,12/1/2022,2022,12,54,0,0,0,NO,NO
GA,1/1/2023,2023,1,50,0,0,0,NO,NO
GA,2/1/2023,2023,2,32,0,0,0,NO,NO
GA,3/1/2023,2023,3,47,0,0,0,NO,NO
GA,4/1/2023,2023,4,46,0,0,0,NO,NO
GA,5/1/2023,2023,5,40,0,0,0,NO,NO
GA,6/1/2023,2023,6,36,0,0,0,NO,NO
GA,7/1/2023,2023,7,36,0,0,0,NO,NO
GA,8/1/2023,2023,8,41,0,0,0,NO,NO
GA,9/1/2023,2023,9,80,0,0,0,NO,NO
GA,10/1/2023,2023,10,62,0,0,0,NO,NO
GA,11/1/2023,2023,11,62,0,0,0,NO,NO
GA,12/1/2023,2023,12,54,0,0,0,NO,NO
GA,1/1/2024,2024,1,51,0,0,0,NO,NO
GA,2/1/2024,2024,2,29,0,0,0,NO,NO
GA,3/1/2024,2024,3,41,0,0,0,NO,NO
GA,4/1/2024,2024,4,39,0,0,0,NO,NO
GA,5/1/2024,2024,5,35,0,0,0,NO,NO
GA,6/1/2024,2024,6,32,0,0,0,NO,NO
GA,7/1/2024,2024,7,26,0,0,0,NO,NO
GA,8/1/2024,2024,8,37,0,0,0,NO,NO
GA,9/1/2024,2024,9,63,0,0,0,NO,NO
GA,10/1/2024,2024,10,50,0,0,0,NO,NO
GA,11/1/2024,2024,11,44,0,0,0,NO,NO
GA,12/1/2024,2024,12,44,0,0,0,NO,NO
GA,1/1/2025,2025,1,39,0,0,0,NO,NO
GA,2/1/2025,2025,2,26,0,0,0,NO,NO
GA,3/1/2025,2025,3,37,0,0,0,NO,NO
GA,4/1/2025,2025,4,33,0,0,0,NO,NO
GA,5/1/2025,2025,5,28,0,0,0,NO,NO
GA,6/1/2025,2025,6,25,0,0,0,NO,NO
GA,7/1/2025,2025,7,23,0,0,0,NO,NO
GA,8/1/2025,2025,8,40,0,0,0,NO,NO
GA,9/1/2025,2025,9,53,0,0,0,NO,NO
GA,10/1/2025,2025,10,47,0,0,0,NO,NO
GA,11/1/2025,2025,11,66,0,0,0,NO,NO
HI,1/1/2017,2017,1,73,0,0,0,NO,NO
HI,2/1/2017,2017,2,50,0,0,0,NO,NO
HI,3/1/2017,2017,3,60,0,0,0,NO,NO
HI,4/1/2017,2017,4,77,0,0,0,NO,NO
HI,5/1/2017,2017,5,57,0,0,0,NO,NO
HI,6/1/2017,2017,6,59,0,0,0,NO,NO
HI,7/1/2017,2017,7,49,0,0,0,NO,NO
HI,8/1/2017,2017,8,62,0,0,0,NO,NO
HI,9/1/2017,2017,9,94,0,0,0,NO,NO
HI,10/1/2017,2017,10,100,0,0,0,NO,NO
HI,11/1/2017,2017,11,83,0,0,0,NO,NO
HI,12/1/2017,2017,12,84,0,0,0,NO,NO
HI,1/1/2018,2018,1,68,0,0,0,NO,NO
HI,2/1/2018,2018,2,48,0,0,0,NO,NO
HI,3/1/2018,2018,3,61,0,0,0,NO,NO
HI,4/1/2018,2018,4,64,0,0,0,NO,NO
HI,5/1/2018,2018,5,64,0,0,0,NO,NO
HI,6/1/2018,2018,6,57,0,0,0,NO,NO
HI,7/1/2018,2018,7,52,0,0,0,NO,NO
HI,8/1/2018,2018,8,60,0,0,0,NO,NO
HI,9/1/2018,2018,9,93,0,0,0,NO,NO
HI,10/1/2018,2018,10,90,0,0,0,NO,NO
HI,11/1/2018,2018,11,94,0,0,0,NO,NO
HI,12/1/2018,2018,12,86,0,0,0,NO,NO
HI,1/1/2019,2019,1,71,0,0,0,NO,NO
HI,2/1/2019,2019,2,52,0,0,0,NO,NO
HI,3/1/2019,2019,3,62,0,0,0,NO,NO
HI,4/1/2019,2019,4,65,0,0,0,NO,NO
HI,5/1/2019,2019,5,63,0,0,0,NO,NO
HI,6/1/2019,2019,6,62,0,0,0,NO,NO
HI,7/1/2019,2019,7,51,0,0,0,NO,NO
HI,8/1/2019,2019,8,66,0,0,0,NO,NO
HI,9/1/2019,2019,9,91,0,0,0,NO,NO
HI,10/1/2019,2019,10,93,0,0,0,NO,NO
HI,11/1/2019,2019,11,89,0,0,0,NO,NO
HI,12/1/2019,2019,12,83,0,0,0,NO,NO
HI,1/1/2020,2020,1,68,0,0,0,NO,NO
HI,2/1/2020,2020,2,46,0,0,0,NO,NO
HI,3/1/2020,2020,3,32,0,0,0,NO,NO
HI,4/1/2020,2020,4,23,0,0,0,NO,NO
HI,5/1/2020,2020,5,22,0,0,0,NO,NO
HI,6/1/2020,2020,6,17,0,0,0,NO,NO
HI,7/1/2020,2020,7,26,0,0,0,NO,NO
HI,8/1/2020,2020,8,44,0,0,0,NO,NO
HI,9/1/2020,2020,9,72,0,0,0,NO,NO
HI,10/1/2020,2020,10,97,0,0,0,NO,NO
HI,11/1/2020,2020,11,72,0,0,0,NO,NO
HI,12/1/2020,2020,12,75,0,0,0,NO,NO
HI,1/1/2021,2021,1,70,0,0,0,NO,NO
HI,2/1/2021,2021,2,51,0,0,0,NO,NO
HI,3/1/2021,2021,3,52,0,0,0,NO,NO
HI,4/1/2021,2021,4,49,0,0,0,NO,NO
HI,5/1/2021,2021,5,54,0,0,0,NO,NO
HI,6/1/2021,2021,6,56,0,0,0,NO,NO
HI,7/1/2021,2021,7,47,0,0,0,NO,NO
HI,8/1/2021,2021,8,52,0,0,0,NO,NO
HI,9/1/2021,2021,9,86,0,0,0,NO,NO
HI,10/1/2021,2021,10,84,0,0,0,NO,NO
HI,11/1/2021,2021,11,83,0,0,0,NO,NO
HI,12/1/2021,2021,12,75,0,0,0,NO,NO
HI,1/1/2022,2022,1,66,0,0,0,NO,NO
HI,2/1/2022,2022,2,39,0,0,0,NO,NO
HI,3/1/2022,2022,3,45,0,0,0,NO,NO
HI,4/1/2022,2022,4,47,0,0,0,NO,NO
HI,5/1/2022,2022,5,47,0,0,0,NO,NO
HI,6/1/2022,2022,6,39,0,0,0,NO,NO
HI,7/1/2022,2022,7,33,0,0,0,NO,NO
HI,8/1/2022,2022,8,50,0,0,0,NO,NO
HI,9/1/2022,2022,9,67,0,0,0,NO,NO
HI,10/1/2022,2022,10,71,0,0,0,NO,NO
HI,11/1/2022,2022,11,69,0,0,0,NO,NO
HI,12/1/2022,2022,12,66,0,0,0,NO,NO
HI,1/1/2023,2023,1,57,0,0,0,NO,NO
HI,2/1/2023,2023,2,38,0,0,0,NO,NO
HI,3/1/2023,2023,3,51,0,0,0,NO,NO
HI,4/1/2023,2023,4,56,0,0,0,NO,NO
HI,5/1/2023,2023,5,50,0,0,0,NO,NO
HI,6/1/2023,2023,6,37,0,0,0,NO,NO
HI,7/1/2023,2023,7,36,0,0,0,NO,NO
HI,8/1/2023,2023,8,44,0,0,0,NO,NO
HI,9/1/2023,2023,9,74,0,0,0,NO,NO
HI,10/1/2023,2023,10,69,0,0,0,NO,NO
HI,11/1/2023,2023,11,66,0,0,0,NO,NO
HI,12/1/2023,2023,12,67,0,0,0,NO,NO
HI,1/1/2024,2024,1,65,0,0,0,NO,NO
HI,2/1/2024,2024,2,34,0,0,0,NO,NO
HI,3/1/2024,2024,3,44,0,0,0,NO,NO
HI,4/1/2024,2024,4,49,0,0,0,NO,NO
HI,5/1/2024,2024,5,41,0,0,0,NO,NO
HI,6/1/2024,2024,6,36,0,0,0,NO,NO
HI,7/1/2024,2024,7,30,0,0,0,NO,NO
HI,8/1/2024,2024,8,44,0,0,0,NO,NO
HI,9/1/2024,2024,9,68,0,0,0,NO,NO
HI,10/1/2024,2024,10,63,0,0,0,NO,NO
HI,11/1/2024,2024,11,57,0,0,0,NO,NO
HI,12/1/2024,2024,12,52,0,0,0,NO,NO
HI,1/1/2025,2025,1,46,0,0,0,NO,NO
HI,2/1/2025,2025,2,33,0,0,0,NO,NO
HI,3/1/2025,2025,3,41,0,0,0,NO,NO
HI,4/1/2025,2025,4,43,0,0,0,NO,NO
HI,5/1/2025,2025,5,42,0,0,0,NO,NO
HI,6/1/2025,2025,6,31,0,0,0,NO,NO
HI,7/1/2025,2025,7,27,0,0,0,NO,NO
HI,8/1/2025,2025,8,45,0,0,0,NO,NO
HI,9/1/2025,2025,9,63,0,0,0,NO,NO
HI,10/1/2025,2025,10,59,0,0,0,NO,NO
HI,11/1/2025,2025,11,67,0,0,0,NO,NO
IA,1/1/2017,2017,1,63,1,0,1,YES,YES
IA,2/1/2017,2017,2,49,1,0,1,YES,YES
IA,3/1/2017,2017,3,86,1,0,1,YES,YES
IA,4/1/2017,2017,4,63,1,0,1,YES,YES
IA,5/1/2017,2017,5,44,1,0,1,YES,YES
IA,6/1/2017,2017,6,49,1,0,1,YES,YES
IA,7/1/2017,2017,7,47,1,0,1,YES,YES
IA,8/1/2017,2017,8,61,1,0,1,YES,YES
IA,9/1/2017,2017,9,97,1,0,1,YES,YES
IA,10/1/2017,2017,10,86,1,0,1,YES,YES
IA,11/1/2017,2017,11,85,1,0,1,YES,YES
IA,12/1/2017,2017,12,77,1,0,1,YES,YES
IA,1/1/2018,2018,1,57,1,0,1,YES,YES
IA,2/1/2018,2018,2,39,1,0,1,YES,YES
IA,3/1/2018,2018,3,69,1,0,1,YES,YES
IA,4/1/2018,2018,4,54,1,0,1,YES,YES
IA,5/1/2018,2018,5,47,1,0,1,YES,YES
IA,6/1/2018,2018,6,46,1,0,1,YES,YES
IA,7/1/2018,2018,7,45,1,0,1,YES,YES
IA,8/1/2018,2018,8,57,1,0,1,YES,YES
IA,9/1/2018,2018,9,96,1,0,1,YES,YES
IA,10/1/2018,2018,10,85,1,0,1,YES,YES
IA,11/1/2018,2018,11,79,1,0,1,YES,YES
IA,12/1/2018,2018,12,75,1,0,1,YES,YES
IA,1/1/2019,2019,1,59,1,0,1,YES,YES
IA,2/1/2019,2019,2,48,1,0,1,YES,YES
IA,3/1/2019,2019,3,86,1,0,1,YES,YES
IA,4/1/2019,2019,4,49,1,0,1,YES,YES
IA,5/1/2019,2019,5,42,1,0,1,YES,YES
IA,6/1/2019,2019,6,47,1,0,1,YES,YES
IA,7/1/2019,2019,7,43,1,0,1,YES,YES
IA,8/1/2019,2019,8,60,1,0,1,YES,YES
IA,9/1/2019,2019,9,100,0,1,1,YES,YES
IA,10/1/2019,2019,10,76,0,1,1,YES,YES
IA,11/1/2019,2019,11,78,0,1,1,YES,YES
IA,12/1/2019,2019,12,78,0,1,1,YES,YES
IA,1/1/2020,2020,1,65,0,1,1,YES,YES
IA,2/1/2020,2020,2,42,0,1,1,YES,YES
IA,3/1/2020,2020,3,32,0,1,1,YES,YES
IA,4/1/2020,2020,4,23,0,1,1,YES,YES
IA,5/1/2020,2020,5,20,0,1,1,YES,YES
IA,6/1/2020,2020,6,19,0,1,1,YES,YES
IA,7/1/2020,2020,7,27,0,1,1,YES,YES
IA,8/1/2020,2020,8,40,0,1,1,YES,YES
IA,9/1/2020,2020,9,63,0,1,1,YES,YES
IA,10/1/2020,2020,10,64,0,1,1,YES,YES
IA,11/1/2020,2020,11,58,0,1,1,YES,YES
IA,12/1/2020,2020,12,64,0,1,1,YES,YES
IA,1/1/2021,2021,1,62,0,1,1,YES,YES
IA,2/1/2021,2021,2,40,0,1,1,YES,YES
IA,3/1/2021,2021,3,63,0,1,1,YES,YES
IA,4/1/2021,2021,4,40,0,1,1,YES,YES
IA,5/1/2021,2021,5,39,0,1,1,YES,YES
IA,6/1/2021,2021,6,41,0,1,1,YES,YES
IA,7/1/2021,2021,7,38,0,1,1,YES,YES
IA,8/1/2021,2021,8,41,0,1,1,YES,YES
IA,9/1/2021,2021,9,85,0,1,1,YES,YES
IA,10/1/2021,2021,10,82,0,1,1,YES,YES
IA,11/1/2021,2021,11,75,0,1,1,YES,YES
IA,12/1/2021,2021,12,75,0,1,1,YES,YES
IA,1/1/2022,2022,1,65,0,1,1,YES,YES
IA,2/1/2022,2022,2,39,0,1,1,YES,YES
IA,3/1/2022,2022,3,65,0,1,1,YES,YES
IA,4/1/2022,2022,4,43,0,1,1,YES,YES
IA,5/1/2022,2022,5,36,0,1,1,YES,YES
IA,6/1/2022,2022,6,32,0,1,1,YES,YES
IA,7/1/2022,2022,7,31,0,1,1,YES,YES
IA,8/1/2022,2022,8,39,0,1,1,YES,YES
IA,9/1/2022,2022,9,74,0,1,1,YES,YES
IA,10/1/2022,2022,10,69,0,1,1,YES,YES
IA,11/1/2022,2022,11,69,0,1,1,YES,YES
IA,12/1/2022,2022,12,62,0,1,1,YES,YES
IA,1/1/2023,2023,1,61,0,1,1,YES,YES
IA,2/1/2023,2023,2,40,0,1,1,YES,YES
IA,3/1/2023,2023,3,69,0,1,1,YES,YES
IA,4/1/2023,2023,4,53,0,1,1,YES,YES
IA,5/1/2023,2023,5,36,0,1,1,YES,YES
IA,6/1/2023,2023,6,35,0,1,1,YES,YES
IA,7/1/2023,2023,7,34,0,1,1,YES,YES
IA,8/1/2023,2023,8,43,0,1,1,YES,YES
IA,9/1/2023,2023,9,77,0,1,1,YES,YES
IA,10/1/2023,2023,10,65,0,1,1,YES,YES
IA,11/1/2023,2023,11,74,0,1,1,YES,YES
IA,12/1/2023,2023,12,67,0,1,1,YES,YES
IA,1/1/2024,2024,1,60,0,1,1,YES,YES
IA,2/1/2024,2024,2,39,0,1,1,YES,YES
IA,3/1/2024,2024,3,79,0,1,1,YES,YES
IA,4/1/2024,2024,4,52,0,1,1,YES,YES
IA,5/1/2024,2024,5,38,0,1,1,YES,YES
IA,6/1/2024,2024,6,36,0,1,1,YES,YES
IA,7/1/2024,2024,7,35,0,1,1,YES,YES
IA,8/1/2024,2024,8,45,0,1,1,YES,YES
IA,9/1/2024,2024,9,69,0,1,1,YES,YES
IA,10/1/2024,2024,10,57,0,1,1,YES,YES
IA,11/1/2024,2024,11,51,0,1,1,YES,YES
IA,12/1/2024,2024,12,50,0,1,1,YES,YES
IA,1/1/2025,2025,1,44,0,1,1,YES,YES
IA,2/1/2025,2025,2,34,0,1,1,YES,YES
IA,3/1/2025,2025,3,56,0,1,1,YES,YES
IA,4/1/2025,2025,4,33,0,1,1,YES,YES
IA,5/1/2025,2025,5,36,0,1,1,YES,YES
IA,6/1/2025,2025,6,34,0,1,1,YES,YES
IA,7/1/2025,2025,7,29,0,1,1,YES,YES
IA,8/1/2025,2025,8,43,0,1,1,YES,YES
IA,9/1/2025,2025,9,60,0,1,1,YES,YES
IA,10/1/2025,2025,10,52,0,1,1,YES,YES
IA,11/1/2025,2025,11,75,0,1,1,YES,YES
ID,1/1/2017,2017,1,64,0,0,0,NO,NO
ID,2/1/2017,2017,2,44,0,0,0,NO,NO
ID,3/1/2017,2017,3,69,0,0,0,NO,NO
ID,4/1/2017,2017,4,61,0,0,0,NO,NO
ID,5/1/2017,2017,5,50,0,0,0,NO,NO
ID,6/1/2017,2017,6,47,0,0,0,NO,NO
ID,7/1/2017,2017,7,42,0,0,0,NO,NO
ID,8/1/2017,2017,8,57,0,0,0,NO,NO
ID,9/1/2017,2017,9,94,0,0,0,NO,NO
ID,10/1/2017,2017,10,97,0,0,0,NO,NO
ID,11/1/2017,2017,11,91,0,0,0,NO,NO
ID,12/1/2017,2017,12,79,0,0,0,NO,NO
ID,1/1/2018,2018,1,64,0,0,0,NO,NO
ID,2/1/2018,2018,2,44,0,0,0,NO,NO
ID,3/1/2018,2018,3,67,0,0,0,NO,NO
ID,4/1/2018,2018,4,57,0,0,0,NO,NO
ID,5/1/2018,2018,5,52,0,0,0,NO,NO
ID,6/1/2018,2018,6,51,0,0,0,NO,NO
ID,7/1/2018,2018,7,46,0,0,0,NO,NO
ID,8/1/2018,2018,8,58,0,0,0,NO,NO
ID,9/1/2018,2018,9,100,0,0,0,NO,NO
ID,10/1/2018,2018,10,86,0,0,0,NO,NO
ID,11/1/2018,2018,11,82,0,0,0,NO,NO
ID,12/1/2018,2018,12,85,0,0,0,NO,NO
ID,1/1/2019,2019,1,57,0,0,0,NO,NO
ID,2/1/2019,2019,2,43,0,0,0,NO,NO
ID,3/1/2019,2019,3,72,0,0,0,NO,NO
ID,4/1/2019,2019,4,56,0,0,0,NO,NO
ID,5/1/2019,2019,5,48,0,0,0,NO,NO
ID,6/1/2019,2019,6,49,0,0,0,NO,NO
ID,7/1/2019,2019,7,45,0,0,0,NO,NO
ID,8/1/2019,2019,8,62,0,0,0,NO,NO
ID,9/1/2019,2019,9,89,0,0,0,NO,NO
ID,10/1/2019,2019,10,80,0,0,0,NO,NO
ID,11/1/2019,2019,11,85,0,0,0,NO,NO
ID,12/1/2019,2019,12,73,0,0,0,NO,NO
ID,1/1/2020,2020,1,61,0,0,0,NO,NO
ID,2/1/2020,2020,2,38,0,0,0,NO,NO
ID,3/1/2020,2020,3,31,0,0,0,NO,NO
ID,4/1/2020,2020,4,23,0,0,0,NO,NO
ID,5/1/2020,2020,5,18,0,0,0,NO,NO
ID,6/1/2020,2020,6,16,0,0,0,NO,NO
ID,7/1/2020,2020,7,24,0,0,0,NO,NO
ID,8/1/2020,2020,8,36,0,0,0,NO,NO
ID,9/1/2020,2020,9,56,0,0,0,NO,NO
ID,10/1/2020,2020,10,58,0,0,0,NO,NO
ID,11/1/2020,2020,11,52,0,0,0,NO,NO
ID,12/1/2020,2020,12,60,0,0,0,NO,NO
ID,1/1/2021,2021,1,53,0,0,0,NO,NO
ID,2/1/2021,2021,2,35,0,0,0,NO,NO
ID,3/1/2021,2021,3,49,0,0,0,NO,NO
ID,4/1/2021,2021,4,39,0,0,0,NO,NO
ID,5/1/2021,2021,5,40,0,0,0,NO,NO
ID,6/1/2021,2021,6,45,0,0,0,NO,NO
ID,7/1/2021,2021,7,37,0,0,0,NO,NO
ID,8/1/2021,2021,8,42,0,0,0,NO,NO
ID,9/1/2021,2021,9,74,0,0,0,NO,NO
ID,10/1/2021,2021,10,74,0,0,0,NO,NO
ID,11/1/2021,2021,11,73,0,0,0,NO,NO
ID,12/1/2021,2021,12,65,0,0,0,NO,NO
ID,1/1/2022,2022,1,53,0,0,0,NO,NO
ID,2/1/2022,2022,2,31,0,0,0,NO,NO
ID,3/1/2022,2022,3,45,0,0,0,NO,NO
ID,4/1/2022,2022,4,38,0,0,0,NO,NO
ID,5/1/2022,2022,5,35,0,0,0,NO,NO
ID,6/1/2022,2022,6,34,0,0,0,NO,NO
ID,7/1/2022,2022,7,30,0,0,0,NO,NO
ID,8/1/2022,2022,8,43,0,0,0,NO,NO
ID,9/1/2022,2022,9,63,0,0,0,NO,NO
ID,10/1/2022,2022,10,65,0,0,0,NO,NO
ID,11/1/2022,2022,11,55,0,0,0,NO,NO
ID,12/1/2022,2022,12,61,0,0,0,NO,NO
ID,1/1/2023,2023,1,54,0,0,0,NO,NO
ID,2/1/2023,2023,2,36,0,0,0,NO,NO
ID,3/1/2023,2023,3,55,0,0,0,NO,NO
ID,4/1/2023,2023,4,45,0,0,0,NO,NO
ID,5/1/2023,2023,5,41,0,0,0,NO,NO
ID,6/1/2023,2023,6,34,0,0,0,NO,NO
ID,7/1/2023,2023,7,31,0,0,0,NO,NO
ID,8/1/2023,2023,8,44,0,0,0,NO,NO
ID,9/1/2023,2023,9,71,0,0,0,NO,NO
ID,10/1/2023,2023,10,61,0,0,0,NO,NO
ID,11/1/2023,2023,11,59,0,0,0,NO,NO
ID,12/1/2023,2023,12,59,0,0,0,NO,NO
ID,1/1/2024,2024,1,54,0,0,0,NO,NO
ID,2/1/2024,2024,2,30,0,0,0,NO,NO
ID,3/1/2024,2024,3,51,0,0,0,NO,NO
ID,4/1/2024,2024,4,39,0,0,0,NO,NO
ID,5/1/2024,2024,5,32,0,0,0,NO,NO
ID,6/1/2024,2024,6,31,0,0,0,NO,NO
ID,7/1/2024,2024,7,27,0,0,0,NO,NO
ID,8/1/2024,2024,8,41,0,0,0,NO,NO
ID,9/1/2024,2024,9,63,0,0,0,NO,NO
ID,10/1/2024,2024,10,58,0,0,0,NO,NO
ID,11/1/2024,2024,11,50,0,0,0,NO,NO
ID,12/1/2024,2024,12,54,0,0,0,NO,NO
ID,1/1/2025,2025,1,39,0,0,0,NO,NO
ID,2/1/2025,2025,2,26,0,0,0,NO,NO
ID,3/1/2025,2025,3,43,0,0,0,NO,NO
ID,4/1/2025,2025,4,32,0,0,0,NO,NO
ID,5/1/2025,2025,5,28,0,0,0,NO,NO
ID,6/1/2025,2025,6,26,0,0,0,NO,NO
ID,7/1/2025,2025,7,24,0,0,0,NO,NO
ID,8/1/2025,2025,8,43,0,0,0,NO,NO
ID,9/1/2025,2025,9,54,0,0,0,NO,NO
ID,10/1/2025,2025,10,53,0,0,0,NO,NO
ID,11/1/2025,2025,11,67,0,0,0,NO,NO
IL,1/1/2017,2017,1,70,1,0,1,YES,YES
IL,2/1/2017,2017,2,56,1,0,1,YES,YES
IL,3/1/2017,2017,3,80,1,0,1,YES,YES
IL,4/1/2017,2017,4,80,1,0,1,YES,YES
IL,5/1/2017,2017,5,60,1,0,1,YES,YES
IL,6/1/2017,2017,6,62,1,0,1,YES,YES
IL,7/1/2017,2017,7,64,1,0,1,YES,YES
IL,8/1/2017,2017,8,79,1,0,1,YES,YES
IL,9/1/2017,2017,9,100,1,0,1,YES,YES
IL,10/1/2017,2017,10,98,1,0,1,YES,YES
IL,11/1/2017,2017,11,79,1,0,1,YES,YES
IL,12/1/2017,2017,12,70,1,0,1,YES,YES
IL,1/1/2018,2018,1,64,1,0,1,YES,YES
IL,2/1/2018,2018,2,54,1,0,1,YES,YES
IL,3/1/2018,2018,3,78,1,0,1,YES,YES
IL,4/1/2018,2018,4,68,1,0,1,YES,YES
IL,5/1/2018,2018,5,58,1,0,1,YES,YES
IL,6/1/2018,2018,6,59,1,0,1,YES,YES
IL,7/1/2018,2018,7,61,1,0,1,YES,YES
IL,8/1/2018,2018,8,65,1,0,1,YES,YES
IL,9/1/2018,2018,9,98,1,0,1,YES,YES
IL,10/1/2018,2018,10,82,1,0,1,YES,YES
IL,11/1/2018,2018,11,74,1,0,1,YES,YES
IL,12/1/2018,2018,12,72,1,0,1,YES,YES
IL,1/1/2019,2019,1,60,1,0,1,YES,YES
IL,2/1/2019,2019,2,56,1,0,1,YES,YES
IL,3/1/2019,2019,3,72,1,0,1,YES,YES
IL,4/1/2019,2019,4,63,1,0,1,YES,YES
IL,5/1/2019,2019,5,61,1,0,1,YES,YES
IL,6/1/2019,2019,6,65,1,0,1,YES,YES
IL,7/1/2019,2019,7,55,1,0,1,YES,YES
IL,8/1/2019,2019,8,67,1,0,1,YES,YES
IL,9/1/2019,2019,9,86,1,0,1,YES,YES
IL,10/1/2019,2019,10,74,1,0,1,YES,YES
IL,11/1/2019,2019,11,69,1,0,1,YES,YES
IL,12/1/2019,2019,12,64,1,0,1,YES,YES
IL,1/1/2020,2020,1,64,1,0,1,YES,YES
IL,2/1/2020,2020,2,44,1,0,1,YES,YES
IL,3/1/2020,2020,3,36,1,0,1,YES,YES
IL,4/1/2020,2020,4,29,0,1,1,YES,YES
IL,5/1/2020,2020,5,22,0,1,1,YES,YES
IL,6/1/2020,2020,6,20,0,1,1,YES,YES
IL,7/1/2020,2020,7,29,0,1,1,YES,YES
IL,8/1/2020,2020,8,48,0,1,1,YES,YES
IL,9/1/2020,2020,9,67,0,1,1,YES,YES
IL,10/1/2020,2020,10,60,0,1,1,YES,YES
IL,11/1/2020,2020,11,51,0,1,1,YES,YES
IL,12/1/2020,2020,12,56,0,1,1,YES,YES
IL,1/1/2021,2021,1,54,0,1,1,YES,YES
IL,2/1/2021,2021,2,46,0,1,1,YES,YES
IL,3/1/2021,2021,3,57,0,1,1,YES,YES
IL,4/1/2021,2021,4,50,0,1,1,YES,YES
IL,5/1/2021,2021,5,48,0,1,1,YES,YES
IL,6/1/2021,2021,6,54,0,1,1,YES,YES
IL,7/1/2021,2021,7,48,0,1,1,YES,YES
IL,8/1/2021,2021,8,50,0,1,1,YES,YES
IL,9/1/2021,2021,9,68,0,1,1,YES,YES
IL,10/1/2021,2021,10,70,0,1,1,YES,YES
IL,11/1/2021,2021,11,67,0,1,1,YES,YES
IL,12/1/2021,2021,12,65,0,1,1,YES,YES
IL,1/1/2022,2022,1,57,0,1,1,YES,YES
IL,2/1/2022,2022,2,44,0,1,1,YES,YES
IL,3/1/2022,2022,3,57,0,1,1,YES,YES
IL,4/1/2022,2022,4,52,0,1,1,YES,YES
IL,5/1/2022,2022,5,46,0,1,1,YES,YES
IL,6/1/2022,2022,6,41,0,1,1,YES,YES
IL,7/1/2022,2022,7,39,0,1,1,YES,YES
IL,8/1/2022,2022,8,49,0,1,1,YES,YES
IL,9/1/2022,2022,9,61,0,1,1,YES,YES
IL,10/1/2022,2022,10,62,0,1,1,YES,YES
IL,11/1/2022,2022,11,57,0,1,1,YES,YES
IL,12/1/2022,2022,12,55,0,1,1,YES,YES
IL,1/1/2023,2023,1,54,0,1,1,YES,YES
IL,2/1/2023,2023,2,42,0,1,1,YES,YES
IL,3/1/2023,2023,3,59,0,1,1,YES,YES
IL,4/1/2023,2023,4,52,0,1,1,YES,YES
IL,5/1/2023,2023,5,47,0,1,1,YES,YES
IL,6/1/2023,2023,6,39,0,1,1,YES,YES
IL,7/1/2023,2023,7,41,0,1,1,YES,YES
IL,8/1/2023,2023,8,49,0,1,1,YES,YES
IL,9/1/2023,2023,9,68,0,1,1,YES,YES
IL,10/1/2023,2023,10,62,0,1,1,YES,YES
IL,11/1/2023,2023,11,62,0,1,1,YES,YES
IL,12/1/2023,2023,12,60,0,1,1,YES,YES
IL,1/1/2024,2024,1,55,0,1,1,YES,YES
IL,2/1/2024,2024,2,35,0,1,1,YES,YES
IL,3/1/2024,2024,3,58,0,1,1,YES,YES
IL,4/1/2024,2024,4,47,0,1,1,YES,YES
IL,5/1/2024,2024,5,41,0,1,1,YES,YES
IL,6/1/2024,2024,6,38,0,1,1,YES,YES
IL,7/1/2024,2024,7,32,0,1,1,YES,YES
IL,8/1/2024,2024,8,45,0,1,1,YES,YES
IL,9/1/2024,2024,9,63,0,1,1,YES,YES
IL,10/1/2024,2024,10,53,0,1,1,YES,YES
IL,11/1/2024,2024,11,47,0,1,1,YES,YES
IL,12/1/2024,2024,12,45,0,1,1,YES,YES
IL,1/1/2025,2025,1,42,0,1,1,YES,YES
IL,2/1/2025,2025,2,34,0,1,1,YES,YES
IL,3/1/2025,2025,3,49,0,1,1,YES,YES
IL,4/1/2025,2025,4,41,0,1,1,YES,YES
IL,5/1/2025,2025,5,36,0,1,1,YES,YES
IL,6/1/2025,2025,6,32,0,1,1,YES,YES
IL,7/1/2025,2025,7,30,0,1,1,YES,YES
IL,8/1/2025,2025,8,50,0,1,1,YES,YES
IL,9/1/2025,2025,9,59,0,1,1,YES,YES
IL,10/1/2025,2025,10,51,0,1,1,YES,YES
IL,11/1/2025,2025,11,61,0,1,1,YES,YES
IN,1/1/2017,2017,1,78,1,0,1,YES,YES
IN,2/1/2017,2017,2,59,1,0,1,YES,YES
IN,3/1/2017,2017,3,100,1,0,1,YES,YES
IN,4/1/2017,2017,4,79,1,0,1,YES,YES
IN,5/1/2017,2017,5,59,1,0,1,YES,YES
IN,6/1/2017,2017,6,63,1,0,1,YES,YES
IN,7/1/2017,2017,7,57,1,0,1,YES,YES
IN,8/1/2017,2017,8,69,1,0,1,YES,YES
IN,9/1/2017,2017,9,100,1,0,1,YES,YES
IN,10/1/2017,2017,10,93,1,0,1,YES,YES
IN,11/1/2017,2017,11,87,1,0,1,YES,YES
IN,12/1/2017,2017,12,79,1,0,1,YES,YES
IN,1/1/2018,2018,1,73,1,0,1,YES,YES
IN,2/1/2018,2018,2,61,1,0,1,YES,YES
IN,3/1/2018,2018,3,93,1,0,1,YES,YES
IN,4/1/2018,2018,4,72,1,0,1,YES,YES
IN,5/1/2018,2018,5,60,1,0,1,YES,YES
IN,6/1/2018,2018,6,57,1,0,1,YES,YES
IN,7/1/2018,2018,7,58,1,0,1,YES,YES
IN,8/1/2018,2018,8,62,1,0,1,YES,YES
IN,9/1/2018,2018,9,95,1,0,1,YES,YES
IN,10/1/2018,2018,10,88,1,0,1,YES,YES
IN,11/1/2018,2018,11,84,1,0,1,YES,YES
IN,12/1/2018,2018,12,82,1,0,1,YES,YES
IN,1/1/2019,2019,1,67,1,0,1,YES,YES
IN,2/1/2019,2019,2,58,1,0,1,YES,YES
IN,3/1/2019,2019,3,97,1,0,1,YES,YES
IN,4/1/2019,2019,4,59,1,0,1,YES,YES
IN,5/1/2019,2019,5,61,1,0,1,YES,YES
IN,6/1/2019,2019,6,60,1,0,1,YES,YES
IN,7/1/2019,2019,7,58,1,0,1,YES,YES
IN,8/1/2019,2019,8,63,1,0,1,YES,YES
IN,9/1/2019,2019,9,87,0,1,1,YES,YES
IN,10/1/2019,2019,10,81,0,1,1,YES,YES
IN,11/1/2019,2019,11,87,0,1,1,YES,YES
IN,12/1/2019,2019,12,79,0,1,1,YES,YES
IN,1/1/2020,2020,1,74,0,1,1,YES,YES
IN,2/1/2020,2020,2,54,0,1,1,YES,YES
IN,3/1/2020,2020,3,40,0,1,1,YES,YES
IN,4/1/2020,2020,4,28,0,1,1,YES,YES
IN,5/1/2020,2020,5,21,0,1,1,YES,YES
IN,6/1/2020,2020,6,18,0,1,1,YES,YES
IN,7/1/2020,2020,7,26,0,1,1,YES,YES
IN,8/1/2020,2020,8,45,0,1,1,YES,YES
IN,9/1/2020,2020,9,64,0,1,1,YES,YES
IN,10/1/2020,2020,10,63,0,1,1,YES,YES
IN,11/1/2020,2020,11,56,0,1,1,YES,YES
IN,12/1/2020,2020,12,64,0,1,1,YES,YES
IN,1/1/2021,2021,1,62,0,1,1,YES,YES
IN,2/1/2021,2021,2,46,0,1,1,YES,YES
IN,3/1/2021,2021,3,64,0,1,1,YES,YES
IN,4/1/2021,2021,4,48,0,1,1,YES,YES
IN,5/1/2021,2021,5,44,0,1,1,YES,YES
IN,6/1/2021,2021,6,50,0,1,1,YES,YES
IN,7/1/2021,2021,7,46,0,1,1,YES,YES
IN,8/1/2021,2021,8,47,0,1,1,YES,YES
IN,9/1/2021,2021,9,68,0,1,1,YES,YES
IN,10/1/2021,2021,10,77,0,1,1,YES,YES
IN,11/1/2021,2021,11,72,0,1,1,YES,YES
IN,12/1/2021,2021,12,77,0,1,1,YES,YES
IN,1/1/2022,2022,1,64,0,1,1,YES,YES
IN,2/1/2022,2022,2,47,0,1,1,YES,YES
IN,3/1/2022,2022,3,71,0,1,1,YES,YES
IN,4/1/2022,2022,4,48,0,1,1,YES,YES
IN,5/1/2022,2022,5,43,0,1,1,YES,YES
IN,6/1/2022,2022,6,40,0,1,1,YES,YES
IN,7/1/2022,2022,7,38,0,1,1,YES,YES
IN,8/1/2022,2022,8,49,0,1,1,YES,YES
IN,9/1/2022,2022,9,71,0,1,1,YES,YES
IN,10/1/2022,2022,10,67,0,1,1,YES,YES
IN,11/1/2022,2022,11,72,0,1,1,YES,YES
IN,12/1/2022,2022,12,66,0,1,1,YES,YES
IN,1/1/2023,2023,1,62,0,1,1,YES,YES
IN,2/1/2023,2023,2,48,0,1,1,YES,YES
IN,3/1/2023,2023,3,77,0,1,1,YES,YES
IN,4/1/2023,2023,4,54,0,1,1,YES,YES
IN,5/1/2023,2023,5,48,0,1,1,YES,YES
IN,6/1/2023,2023,6,40,0,1,1,YES,YES
IN,7/1/2023,2023,7,42,0,1,1,YES,YES
IN,8/1/2023,2023,8,48,0,1,1,YES,YES
IN,9/1/2023,2023,9,78,0,1,1,YES,YES
IN,10/1/2023,2023,10,67,0,1,1,YES,YES
IN,11/1/2023,2023,11,70,0,1,1,YES,YES
IN,12/1/2023,2023,12,69,0,1,1,YES,YES
IN,1/1/2024,2024,1,64,0,1,1,YES,YES
IN,2/1/2024,2024,2,39,0,1,1,YES,YES
IN,3/1/2024,2024,3,71,0,1,1,YES,YES
IN,4/1/2024,2024,4,51,0,1,1,YES,YES
IN,5/1/2024,2024,5,45,0,1,1,YES,YES
IN,6/1/2024,2024,6,39,0,1,1,YES,YES
IN,7/1/2024,2024,7,33,0,1,1,YES,YES
IN,8/1/2024,2024,8,46,0,1,1,YES,YES
IN,9/1/2024,2024,9,63,0,1,1,YES,YES
IN,10/1/2024,2024,10,54,0,1,1,YES,YES
IN,11/1/2024,2024,11,53,0,1,1,YES,YES
IN,12/1/2024,2024,12,52,0,1,1,YES,YES
IN,1/1/2025,2025,1,48,0,1,1,YES,YES
IN,2/1/2025,2025,2,37,0,1,1,YES,YES
IN,3/1/2025,2025,3,59,0,1,1,YES,YES
IN,4/1/2025,2025,4,39,0,1,1,YES,YES
IN,5/1/2025,2025,5,41,0,1,1,YES,YES
IN,6/1/2025,2025,6,40,0,1,1,YES,YES
IN,7/1/2025,2025,7,30,0,1,1,YES,YES
IN,8/1/2025,2025,8,49,0,1,1,YES,YES
IN,9/1/2025,2025,9,60,0,1,1,YES,YES
IN,10/1/2025,2025,10,57,0,1,1,YES,YES
IN,11/1/2025,2025,11,85,0,1,1,YES,YES
KS,1/1/2017,2017,1,66,1,0,1,YES,YES
KS,2/1/2017,2017,2,54,1,0,1,YES,YES
KS,3/1/2017,2017,3,91,1,0,1,YES,YES
KS,4/1/2017,2017,4,50,1,0,1,YES,YES
KS,5/1/2017,2017,5,40,1,0,1,YES,YES
KS,6/1/2017,2017,6,38,1,0,1,YES,YES
KS,7/1/2017,2017,7,40,1,0,1,YES,YES
KS,8/1/2017,2017,8,43,1,0,1,YES,YES
KS,9/1/2017,2017,9,70,1,0,1,YES,YES
KS,10/1/2017,2017,10,65,1,0,1,YES,YES
KS,11/1/2017,2017,11,70,1,0,1,YES,YES
KS,12/1/2017,2017,12,71,1,0,1,YES,YES
KS,1/1/2018,2018,1,71,1,0,1,YES,YES
KS,2/1/2018,2018,2,57,1,0,1,YES,YES
KS,3/1/2018,2018,3,100,1,0,1,YES,YES
KS,4/1/2018,2018,4,46,1,0,1,YES,YES
KS,5/1/2018,2018,5,42,1,0,1,YES,YES
KS,6/1/2018,2018,6,39,1,0,1,YES,YES
KS,7/1/2018,2018,7,43,1,0,1,YES,YES
KS,8/1/2018,2018,8,48,1,0,1,YES,YES
KS,9/1/2018,2018,9,90,1,0,1,YES,YES
KS,10/1/2018,2018,10,78,1,0,1,YES,YES
KS,11/1/2018,2018,11,76,1,0,1,YES,YES
KS,12/1/2018,2018,12,79,1,0,1,YES,YES
KS,1/1/2019,2019,1,59,1,0,1,YES,YES
KS,2/1/2019,2019,2,48,1,0,1,YES,YES
KS,3/1/2019,2019,3,87,1,0,1,YES,YES
KS,4/1/2019,2019,4,48,1,0,1,YES,YES
KS,5/1/2019,2019,5,43,1,0,1,YES,YES
KS,6/1/2019,2019,6,51,1,0,1,YES,YES
KS,7/1/2019,2019,7,41,1,0,1,YES,YES
KS,8/1/2019,2019,8,55,1,0,1,YES,YES
KS,9/1/2019,2019,9,95,1,0,1,YES,YES
KS,10/1/2019,2019,10,74,1,0,1,YES,YES
KS,11/1/2019,2019,11,85,1,0,1,YES,YES
KS,12/1/2019,2019,12,80,1,0,1,YES,YES
KS,1/1/2020,2020,1,78,1,0,1,YES,YES
KS,2/1/2020,2020,2,47,1,0,1,YES,YES
KS,3/1/2020,2020,3,37,1,0,1,YES,YES
KS,4/1/2020,2020,4,23,1,0,1,YES,YES
KS,5/1/2020,2020,5,19,1,0,1,YES,YES
KS,6/1/2020,2020,6,18,1,0,1,YES,YES
KS,7/1/2020,2020,7,25,1,0,1,YES,YES
KS,8/1/2020,2020,8,36,1,0,1,YES,YES
KS,9/1/2020,2020,9,61,1,0,1,YES,YES
KS,10/1/2020,2020,10,62,1,0,1,YES,YES
KS,11/1/2020,2020,11,47,1,0,1,YES,YES
KS,12/1/2020,2020,12,62,1,0,1,YES,YES
KS,1/1/2021,2021,1,56,1,0,1,YES,YES
KS,2/1/2021,2021,2,38,1,0,1,YES,YES
KS,3/1/2021,2021,3,54,1,0,1,YES,YES
KS,4/1/2021,2021,4,37,1,0,1,YES,YES
KS,5/1/2021,2021,5,38,1,0,1,YES,YES
KS,6/1/2021,2021,6,38,1,0,1,YES,YES
KS,7/1/2021,2021,7,37,1,0,1,YES,YES
KS,8/1/2021,2021,8,37,1,0,1,YES,YES
KS,9/1/2021,2021,9,65,1,0,1,YES,YES
KS,10/1/2021,2021,10,65,1,0,1,YES,YES
KS,11/1/2021,2021,11,73,1,0,1,YES,YES
KS,12/1/2021,2021,12,69,1,0,1,YES,YES
KS,1/1/2022,2022,1,60,1,0,1,YES,YES
KS,2/1/2022,2022,2,35,1,0,1,YES,YES
KS,3/1/2022,2022,3,58,1,0,1,YES,YES
KS,4/1/2022,2022,4,40,1,0,1,YES,YES
KS,5/1/2022,2022,5,34,1,0,1,YES,YES
KS,6/1/2022,2022,6,30,1,0,1,YES,YES
KS,7/1/2022,2022,7,30,1,0,1,YES,YES
KS,8/1/2022,2022,8,38,1,0,1,YES,YES
KS,9/1/2022,2022,9,74,0,0,0,YES,YES
KS,10/1/2022,2022,10,74,0,1,1,YES,YES
KS,11/1/2022,2022,11,68,0,1,1,YES,YES
KS,12/1/2022,2022,12,64,0,1,1,YES,YES
KS,1/1/2023,2023,1,68,0,1,1,YES,YES
KS,2/1/2023,2023,2,46,0,1,1,YES,YES
KS,3/1/2023,2023,3,70,0,1,1,YES,YES
KS,4/1/2023,2023,4,41,0,1,1,YES,YES
KS,5/1/2023,2023,5,38,0,1,1,YES,YES
KS,6/1/2023,2023,6,35,0,1,1,YES,YES
KS,7/1/2023,2023,7,34,0,1,1,YES,YES
KS,8/1/2023,2023,8,42,0,1,1,YES,YES
KS,9/1/2023,2023,9,76,0,1,1,YES,YES
KS,10/1/2023,2023,10,64,0,1,1,YES,YES
KS,11/1/2023,2023,11,76,0,1,1,YES,YES
KS,12/1/2023,2023,12,72,0,1,1,YES,YES
KS,1/1/2024,2024,1,59,0,1,1,YES,YES
KS,2/1/2024,2024,2,36,0,1,1,YES,YES
KS,3/1/2024,2024,3,56,0,1,1,YES,YES
KS,4/1/2024,2024,4,36,0,1,1,YES,YES
KS,5/1/2024,2024,5,34,0,1,1,YES,YES
KS,6/1/2024,2024,6,33,0,1,1,YES,YES
KS,7/1/2024,2024,7,29,0,1,1,YES,YES
KS,8/1/2024,2024,8,44,0,1,1,YES,YES
KS,9/1/2024,2024,9,76,0,1,1,YES,YES
KS,10/1/2024,2024,10,56,0,1,1,YES,YES
KS,11/1/2024,2024,11,44,0,1,1,YES,YES
KS,12/1/2024,2024,12,42,0,1,1,YES,YES
KS,1/1/2025,2025,1,39,0,1,1,YES,YES
KS,2/1/2025,2025,2,38,0,1,1,YES,YES
KS,3/1/2025,2025,3,45,0,1,1,YES,YES
KS,4/1/2025,2025,4,34,0,1,1,YES,YES
KS,5/1/2025,2025,5,33,0,1,1,YES,YES
KS,6/1/2025,2025,6,27,0,1,1,YES,YES
KS,7/1/2025,2025,7,24,0,1,1,YES,YES
KS,8/1/2025,2025,8,43,0,1,1,YES,YES
KS,9/1/2025,2025,9,56,0,1,1,YES,YES
KS,10/1/2025,2025,10,43,0,1,1,YES,YES
KS,11/1/2025,2025,11,75,0,1,1,YES,YES
KY,1/1/2017,2017,1,69,1,0,1,YES,YES
KY,2/1/2017,2017,2,61,1,0,1,YES,YES
KY,3/1/2017,2017,3,100,1,0,1,YES,YES
KY,4/1/2017,2017,4,60,1,0,1,YES,YES
KY,5/1/2017,2017,5,43,1,0,1,YES,YES
KY,6/1/2017,2017,6,49,1,0,1,YES,YES
KY,7/1/2017,2017,7,37,1,0,1,YES,YES
KY,8/1/2017,2017,8,51,1,0,1,YES,YES
KY,9/1/2017,2017,9,86,1,0,1,YES,YES
KY,10/1/2017,2017,10,74,1,0,1,YES,YES
KY,11/1/2017,2017,11,76,1,0,1,YES,YES
KY,12/1/2017,2017,12,70,1,0,1,YES,YES
KY,1/1/2018,2018,1,64,1,0,1,YES,YES
KY,2/1/2018,2018,2,54,1,0,1,YES,YES
KY,3/1/2018,2018,3,86,1,0,1,YES,YES
KY,4/1/2018,2018,4,48,1,0,1,YES,YES
KY,5/1/2018,2018,5,43,1,0,1,YES,YES
KY,6/1/2018,2018,6,38,1,0,1,YES,YES
KY,7/1/2018,2018,7,37,1,0,1,YES,YES
KY,8/1/2018,2018,8,48,1,0,1,YES,YES
KY,9/1/2018,2018,9,81,1,0,1,YES,YES
KY,10/1/2018,2018,10,67,1,0,1,YES,YES
KY,11/1/2018,2018,11,74,1,0,1,YES,YES
KY,12/1/2018,2018,12,65,1,0,1,YES,YES
KY,1/1/2019,2019,1,62,1,0,1,YES,YES
KY,2/1/2019,2019,2,59,1,0,1,YES,YES
KY,3/1/2019,2019,3,94,1,0,1,YES,YES
KY,4/1/2019,2019,4,50,1,0,1,YES,YES
KY,5/1/2019,2019,5,42,1,0,1,YES,YES
KY,6/1/2019,2019,6,49,1,0,1,YES,YES
KY,7/1/2019,2019,7,37,1,0,1,YES,YES
KY,8/1/2019,2019,8,48,1,0,1,YES,YES
KY,9/1/2019,2019,9,72,1,0,1,YES,YES
KY,10/1/2019,2019,10,65,1,0,1,YES,YES
KY,11/1/2019,2019,11,66,1,0,1,YES,YES
KY,12/1/2019,2019,12,67,1,0,1,YES,YES
KY,1/1/2020,2020,1,66,1,0,1,YES,YES
KY,2/1/2020,2020,2,50,1,0,1,YES,YES
KY,3/1/2020,2020,3,32,1,0,1,YES,YES
KY,4/1/2020,2020,4,19,1,0,1,YES,YES
KY,5/1/2020,2020,5,16,1,0,1,YES,YES
KY,6/1/2020,2020,6,17,1,0,1,YES,YES
KY,7/1/2020,2020,7,20,1,0,1,YES,YES
KY,8/1/2020,2020,8,31,1,0,1,YES,YES
KY,9/1/2020,2020,9,48,1,0,1,YES,YES
KY,10/1/2020,2020,10,50,1,0,1,YES,YES
KY,11/1/2020,2020,11,43,1,0,1,YES,YES
KY,12/1/2020,2020,12,47,1,0,1,YES,YES
KY,1/1/2021,2021,1,49,1,0,1,YES,YES
KY,2/1/2021,2021,2,33,1,0,1,YES,YES
KY,3/1/2021,2021,3,46,1,0,1,YES,YES
KY,4/1/2021,2021,4,32,1,0,1,YES,YES
KY,5/1/2021,2021,5,29,1,0,1,YES,YES
KY,6/1/2021,2021,6,33,1,0,1,YES,YES
KY,7/1/2021,2021,7,32,1,0,1,YES,YES
KY,8/1/2021,2021,8,31,1,0,1,YES,YES
KY,9/1/2021,2021,9,55,1,0,1,YES,YES
KY,10/1/2021,2021,10,62,1,0,1,YES,YES
KY,11/1/2021,2021,11,60,1,0,1,YES,YES
KY,12/1/2021,2021,12,56,1,0,1,YES,YES
KY,1/1/2022,2022,1,54,1,0,1,YES,YES
KY,2/1/2022,2022,2,41,1,0,1,YES,YES
KY,3/1/2022,2022,3,58,1,0,1,YES,YES
KY,4/1/2022,2022,4,38,1,0,1,YES,YES
KY,5/1/2022,2022,5,30,1,0,1,YES,YES
KY,6/1/2022,2022,6,24,1,0,1,YES,YES
KY,7/1/2022,2022,7,22,1,0,1,YES,YES
KY,8/1/2022,2022,8,33,1,0,1,YES,YES
KY,9/1/2022,2022,9,57,1,0,1,YES,YES
KY,10/1/2022,2022,10,56,1,0,1,YES,YES
KY,11/1/2022,2022,11,57,1,0,1,YES,YES
KY,12/1/2022,2022,12,47,1,0,1,YES,YES
KY,1/1/2023,2023,1,49,1,0,1,YES,YES
KY,2/1/2023,2023,2,35,1,0,1,YES,YES
KY,3/1/2023,2023,3,56,1,0,1,YES,YES
KY,4/1/2023,2023,4,38,1,0,1,YES,YES
KY,5/1/2023,2023,5,36,1,0,1,YES,YES
KY,6/1/2023,2023,6,31,1,0,1,YES,YES
KY,7/1/2023,2023,7,28,1,0,1,YES,YES
KY,8/1/2023,2023,8,34,1,0,1,YES,YES
KY,9/1/2023,2023,9,66,1,0,1,YES,YES
KY,10/1/2023,2023,10,53,0,1,1,YES,YES
KY,11/1/2023,2023,11,64,0,1,1,YES,YES
KY,12/1/2023,2023,12,58,0,1,1,YES,YES
KY,1/1/2024,2024,1,55,0,1,1,YES,YES
KY,2/1/2024,2024,2,33,0,1,1,YES,YES
KY,3/1/2024,2024,3,59,0,1,1,YES,YES
KY,4/1/2024,2024,4,42,0,1,1,YES,YES
KY,5/1/2024,2024,5,31,0,1,1,YES,YES
KY,6/1/2024,2024,6,32,0,1,1,YES,YES
KY,7/1/2024,2024,7,25,0,1,1,YES,YES
KY,8/1/2024,2024,8,33,0,1,1,YES,YES
KY,9/1/2024,2024,9,52,0,1,1,YES,YES
KY,10/1/2024,2024,10,45,0,1,1,YES,YES
KY,11/1/2024,2024,11,47,0,1,1,YES,YES
KY,12/1/2024,2024,12,39,0,1,1,YES,YES
KY,1/1/2025,2025,1,40,0,1,1,YES,YES
KY,2/1/2025,2025,2,30,0,1,1,YES,YES
KY,3/1/2025,2025,3,58,0,1,1,YES,YES
KY,4/1/2025,2025,4,29,0,1,1,YES,YES
KY,5/1/2025,2025,5,25,0,1,1,YES,YES
KY,6/1/2025,2025,6,26,0,1,1,YES,YES
KY,7/1/2025,2025,7,22,0,1,1,YES,YES
KY,8/1/2025,2025,8,36,0,1,1,YES,YES
KY,9/1/2025,2025,9,46,0,1,1,YES,YES
KY,10/1/2025,2025,10,46,0,1,1,YES,YES
KY,11/1/2025,2025,11,77,0,1,1,YES,YES
LA,1/1/2017,2017,1,62,1,0,1,YES,YES
LA,2/1/2017,2017,2,43,1,0,1,YES,YES
LA,3/1/2017,2017,3,60,1,0,1,YES,YES
LA,4/1/2017,2017,4,63,1,0,1,YES,YES
LA,5/1/2017,2017,5,48,1,0,1,YES,YES
LA,6/1/2017,2017,6,66,1,0,1,YES,YES
LA,7/1/2017,2017,7,40,1,0,1,YES,YES
LA,8/1/2017,2017,8,58,1,0,1,YES,YES
LA,9/1/2017,2017,9,97,1,0,1,YES,YES
LA,10/1/2017,2017,10,92,1,0,1,YES,YES
LA,11/1/2017,2017,11,90,1,0,1,YES,YES
LA,12/1/2017,2017,12,83,1,0,1,YES,YES
LA,1/1/2018,2018,1,66,1,0,1,YES,YES
LA,2/1/2018,2018,2,41,1,0,1,YES,YES
LA,3/1/2018,2018,3,62,1,0,1,YES,YES
LA,4/1/2018,2018,4,61,1,0,1,YES,YES
LA,5/1/2018,2018,5,58,1,0,1,YES,YES
LA,6/1/2018,2018,6,44,1,0,1,YES,YES
LA,7/1/2018,2018,7,37,1,0,1,YES,YES
LA,8/1/2018,2018,8,51,1,0,1,YES,YES
LA,9/1/2018,2018,9,100,1,0,1,YES,YES
LA,10/1/2018,2018,10,93,1,0,1,YES,YES
LA,11/1/2018,2018,11,96,1,0,1,YES,YES
LA,12/1/2018,2018,12,86,1,0,1,YES,YES
LA,1/1/2019,2019,1,68,1,0,1,YES,YES
LA,2/1/2019,2019,2,46,1,0,1,YES,YES
LA,3/1/2019,2019,3,65,1,0,1,YES,YES
LA,4/1/2019,2019,4,53,1,0,1,YES,YES
LA,5/1/2019,2019,5,56,1,0,1,YES,YES
LA,6/1/2019,2019,6,61,1,0,1,YES,YES
LA,7/1/2019,2019,7,43,1,0,1,YES,YES
LA,8/1/2019,2019,8,65,1,0,1,YES,YES
LA,9/1/2019,2019,9,98,1,0,1,YES,YES
LA,10/1/2019,2019,10,91,1,0,1,YES,YES
LA,11/1/2019,2019,11,89,1,0,1,YES,YES
LA,12/1/2019,2019,12,93,1,0,1,YES,YES
LA,1/1/2020,2020,1,79,1,0,1,YES,YES
LA,2/1/2020,2020,2,42,1,0,1,YES,YES
LA,3/1/2020,2020,3,30,1,0,1,YES,YES
LA,4/1/2020,2020,4,28,1,0,1,YES,YES
LA,5/1/2020,2020,5,20,1,0,1,YES,YES
LA,6/1/2020,2020,6,18,1,0,1,YES,YES
LA,7/1/2020,2020,7,24,1,0,1,YES,YES
LA,8/1/2020,2020,8,33,1,0,1,YES,YES
LA,9/1/2020,2020,9,63,1,0,1,YES,YES
LA,10/1/2020,2020,10,66,1,0,1,YES,YES
LA,11/1/2020,2020,11,52,1,0,1,YES,YES
LA,12/1/2020,2020,12,58,1,0,1,YES,YES
LA,1/1/2021,2021,1,51,1,0,1,YES,YES
LA,2/1/2021,2021,2,36,1,0,1,YES,YES
LA,3/1/2021,2021,3,39,1,0,1,YES,YES
LA,4/1/2021,2021,4,33,1,0,1,YES,YES
LA,5/1/2021,2021,5,37,1,0,1,YES,YES
LA,6/1/2021,2021,6,45,1,0,1,YES,YES
LA,7/1/2021,2021,7,31,1,0,1,YES,YES
LA,8/1/2021,2021,8,34,1,0,1,YES,YES
LA,9/1/2021,2021,9,69,1,0,1,YES,YES
LA,10/1/2021,2021,10,69,1,0,1,YES,YES
LA,11/1/2021,2021,11,66,1,0,1,YES,YES
LA,12/1/2021,2021,12,64,1,0,1,YES,YES
LA,1/1/2022,2022,1,55,1,0,1,YES,YES
LA,2/1/2022,2022,2,37,0,1,1,YES,YES
LA,3/1/2022,2022,3,45,0,1,1,YES,YES
LA,4/1/2022,2022,4,46,0,1,1,YES,YES
LA,5/1/2022,2022,5,39,0,1,1,YES,YES
LA,6/1/2022,2022,6,41,0,1,1,YES,YES
LA,7/1/2022,2022,7,27,0,1,1,YES,YES
LA,8/1/2022,2022,8,37,0,1,1,YES,YES
LA,9/1/2022,2022,9,76,0,1,1,YES,YES
LA,10/1/2022,2022,10,74,0,1,1,YES,YES
LA,11/1/2022,2022,11,72,0,1,1,YES,YES
LA,12/1/2022,2022,12,61,0,1,1,YES,YES
LA,1/1/2023,2023,1,58,0,1,1,YES,YES
LA,2/1/2023,2023,2,39,0,1,1,YES,YES
LA,3/1/2023,2023,3,53,0,1,1,YES,YES
LA,4/1/2023,2023,4,54,0,1,1,YES,YES
LA,5/1/2023,2023,5,49,0,1,1,YES,YES
LA,6/1/2023,2023,6,61,0,1,1,YES,YES
LA,7/1/2023,2023,7,31,0,1,1,YES,YES
LA,8/1/2023,2023,8,40,0,1,1,YES,YES
LA,9/1/2023,2023,9,86,0,1,1,YES,YES
LA,10/1/2023,2023,10,67,0,1,1,YES,YES
LA,11/1/2023,2023,11,72,0,1,1,YES,YES
LA,12/1/2023,2023,12,68,0,1,1,YES,YES
LA,1/1/2024,2024,1,60,0,1,1,YES,YES
LA,2/1/2024,2024,2,31,0,1,1,YES,YES
LA,3/1/2024,2024,3,45,0,1,1,YES,YES
LA,4/1/2024,2024,4,39,0,1,1,YES,YES
LA,5/1/2024,2024,5,37,0,1,1,YES,YES
LA,6/1/2024,2024,6,36,0,1,1,YES,YES
LA,7/1/2024,2024,7,28,0,1,1,YES,YES
LA,8/1/2024,2024,8,40,0,1,1,YES,YES
LA,9/1/2024,2024,9,70,0,1,1,YES,YES
LA,10/1/2024,2024,10,55,0,1,1,YES,YES
LA,11/1/2024,2024,11,53,0,1,1,YES,YES
LA,12/1/2024,2024,12,45,0,1,1,YES,YES
LA,1/1/2025,2025,1,41,0,1,1,YES,YES
LA,2/1/2025,2025,2,30,0,1,1,YES,YES
LA,3/1/2025,2025,3,38,0,1,1,YES,YES
LA,4/1/2025,2025,4,33,0,1,1,YES,YES
LA,5/1/2025,2025,5,32,0,1,1,YES,YES
LA,6/1/2025,2025,6,43,0,1,1,YES,YES
LA,7/1/2025,2025,7,26,0,1,1,YES,YES
LA,8/1/2025,2025,8,43,0,1,1,YES,YES
LA,9/1/2025,2025,9,60,0,1,1,YES,YES
LA,10/1/2025,2025,10,52,0,1,1,YES,YES
LA,11/1/2025,2025,11,76,0,1,1,YES,YES
MA,1/1/2017,2017,1,76,1,0,1,YES,YES
MA,2/1/2017,2017,2,63,1,0,1,YES,YES
MA,3/1/2017,2017,3,80,1,0,1,YES,YES
MA,4/1/2017,2017,4,78,1,0,1,YES,YES
MA,5/1/2017,2017,5,60,1,0,1,YES,YES
MA,6/1/2017,2017,6,64,1,0,1,YES,YES
MA,7/1/2017,2017,7,69,1,0,1,YES,YES
MA,8/1/2017,2017,8,79,1,0,1,YES,YES
MA,9/1/2017,2017,9,100,1,0,1,YES,YES
MA,10/1/2017,2017,10,94,1,0,1,YES,YES
MA,11/1/2017,2017,11,82,1,0,1,YES,YES
MA,12/1/2017,2017,12,84,1,0,1,YES,YES
MA,1/1/2018,2018,1,75,1,0,1,YES,YES
MA,2/1/2018,2018,2,55,1,0,1,YES,YES
MA,3/1/2018,2018,3,72,1,0,1,YES,YES
MA,4/1/2018,2018,4,73,1,0,1,YES,YES
MA,5/1/2018,2018,5,70,1,0,1,YES,YES
MA,6/1/2018,2018,6,63,1,0,1,YES,YES
MA,7/1/2018,2018,7,61,1,0,1,YES,YES
MA,8/1/2018,2018,8,72,1,0,1,YES,YES
MA,9/1/2018,2018,9,93,1,0,1,YES,YES
MA,10/1/2018,2018,10,83,1,0,1,YES,YES
MA,11/1/2018,2018,11,70,1,0,1,YES,YES
MA,12/1/2018,2018,12,68,1,0,1,YES,YES
MA,1/1/2019,2019,1,63,1,0,1,YES,YES
MA,2/1/2019,2019,2,56,1,0,1,YES,YES
MA,3/1/2019,2019,3,70,1,0,1,YES,YES
MA,4/1/2019,2019,4,67,1,0,1,YES,YES
MA,5/1/2019,2019,5,62,1,0,1,YES,YES
MA,6/1/2019,2019,6,64,1,0,1,YES,YES
MA,7/1/2019,2019,7,57,1,0,1,YES,YES
MA,8/1/2019,2019,8,67,1,0,1,YES,YES
MA,9/1/2019,2019,9,89,1,0,1,YES,YES
MA,10/1/2019,2019,10,79,1,0,1,YES,YES
MA,11/1/2019,2019,11,75,1,0,1,YES,YES
MA,12/1/2019,2019,12,69,1,0,1,YES,YES
MA,1/1/2020,2020,1,59,1,0,1,YES,YES
MA,2/1/2020,2020,2,48,1,0,1,YES,YES
MA,3/1/2020,2020,3,36,1,0,1,YES,YES
MA,4/1/2020,2020,4,28,1,0,1,YES,YES
MA,5/1/2020,2020,5,21,1,0,1,YES,YES
MA,6/1/2020,2020,6,18,1,0,1,YES,YES
MA,7/1/2020,2020,7,29,1,0,1,YES,YES
MA,8/1/2020,2020,8,49,1,0,1,YES,YES
MA,9/1/2020,2020,9,73,1,0,1,YES,YES
MA,10/1/2020,2020,10,60,1,0,1,YES,YES
MA,11/1/2020,2020,11,53,1,0,1,YES,YES
MA,12/1/2020,2020,12,56,1,0,1,YES,YES
MA,1/1/2021,2021,1,54,1,0,1,YES,YES
MA,2/1/2021,2021,2,42,1,0,1,YES,YES
MA,3/1/2021,2021,3,51,1,0,1,YES,YES
MA,4/1/2021,2021,4,49,1,0,1,YES,YES
MA,5/1/2021,2021,5,49,1,0,1,YES,YES
MA,6/1/2021,2021,6,53,1,0,1,YES,YES
MA,7/1/2021,2021,7,49,1,0,1,YES,YES
MA,8/1/2021,2021,8,49,1,0,1,YES,YES
MA,9/1/2021,2021,9,65,1,0,1,YES,YES
MA,10/1/2021,2021,10,77,1,0,1,YES,YES
MA,11/1/2021,2021,11,67,1,0,1,YES,YES
MA,12/1/2021,2021,12,63,1,0,1,YES,YES
MA,1/1/2022,2022,1,56,1,0,1,YES,YES
MA,2/1/2022,2022,2,38,1,0,1,YES,YES
MA,3/1/2022,2022,3,55,1,0,1,YES,YES
MA,4/1/2022,2022,4,53,1,0,1,YES,YES
MA,5/1/2022,2022,5,62,1,0,1,YES,YES
MA,6/1/2022,2022,6,43,1,0,1,YES,YES
MA,7/1/2022,2022,7,41,1,0,1,YES,YES
MA,8/1/2022,2022,8,49,1,0,1,YES,YES
MA,9/1/2022,2022,9,64,1,0,1,YES,YES
MA,10/1/2022,2022,10,63,1,0,1,YES,YES
MA,11/1/2022,2022,11,61,1,0,1,YES,YES
MA,12/1/2022,2022,12,58,1,0,1,YES,YES
MA,1/1/2023,2023,1,55,1,0,1,YES,YES
MA,2/1/2023,2023,2,42,1,0,1,YES,YES
MA,3/1/2023,2023,3,59,1,0,1,YES,YES
MA,4/1/2023,2023,4,64,0,1,1,YES,YES
MA,5/1/2023,2023,5,54,0,1,1,YES,YES
MA,6/1/2023,2023,6,41,0,1,1,YES,YES
MA,7/1/2023,2023,7,43,0,1,1,YES,YES
MA,8/1/2023,2023,8,50,0,1,1,YES,YES
MA,9/1/2023,2023,9,69,0,1,1,YES,YES
MA,10/1/2023,2023,10,63,0,1,1,YES,YES
MA,11/1/2023,2023,11,63,0,1,1,YES,YES
MA,12/1/2023,2023,12,59,0,1,1,YES,YES
MA,1/1/2024,2024,1,55,0,1,1,YES,YES
MA,2/1/2024,2024,2,40,0,1,1,YES,YES
MA,3/1/2024,2024,3,53,0,1,1,YES,YES
MA,4/1/2024,2024,4,51,0,1,1,YES,YES
MA,5/1/2024,2024,5,48,0,1,1,YES,YES
MA,6/1/2024,2024,6,43,0,1,1,YES,YES
MA,7/1/2024,2024,7,37,0,1,1,YES,YES
MA,8/1/2024,2024,8,48,0,1,1,YES,YES
MA,9/1/2024,2024,9,61,0,1,1,YES,YES
MA,10/1/2024,2024,10,55,0,1,1,YES,YES
MA,11/1/2024,2024,11,47,0,1,1,YES,YES
MA,12/1/2024,2024,12,47,0,1,1,YES,YES
MA,1/1/2025,2025,1,43,0,1,1,YES,YES
MA,2/1/2025,2025,2,36,0,1,1,YES,YES
MA,3/1/2025,2025,3,50,0,1,1,YES,YES
MA,4/1/2025,2025,4,44,0,1,1,YES,YES
MA,5/1/2025,2025,5,41,0,1,1,YES,YES
MA,6/1/2025,2025,6,36,0,1,1,YES,YES
MA,7/1/2025,2025,7,33,0,1,1,YES,YES
MA,8/1/2025,2025,8,50,0,1,1,YES,YES
MA,9/1/2025,2025,9,60,0,1,1,YES,YES
MA,10/1/2025,2025,10,52,0,1,1,YES,YES
MA,11/1/2025,2025,11,59,0,1,1,YES,YES
MD,1/1/2017,2017,1,69,1,0,1,YES,YES
MD,2/1/2017,2017,2,56,1,0,1,YES,YES
MD,3/1/2017,2017,3,77,1,0,1,YES,YES
MD,4/1/2017,2017,4,76,1,0,1,YES,YES
MD,5/1/2017,2017,5,65,1,0,1,YES,YES
MD,6/1/2017,2017,6,57,1,0,1,YES,YES
MD,7/1/2017,2017,7,60,1,0,1,YES,YES
MD,8/1/2017,2017,8,70,1,0,1,YES,YES
MD,9/1/2017,2017,9,99,1,0,1,YES,YES
MD,10/1/2017,2017,10,97,1,0,1,YES,YES
MD,11/1/2017,2017,11,82,1,0,1,YES,YES
MD,12/1/2017,2017,12,81,1,0,1,YES,YES
MD,1/1/2018,2018,1,67,1,0,1,YES,YES
MD,2/1/2018,2018,2,57,1,0,1,YES,YES
MD,3/1/2018,2018,3,76,1,0,1,YES,YES
MD,4/1/2018,2018,4,73,1,0,1,YES,YES
MD,5/1/2018,2018,5,66,1,0,1,YES,YES
MD,6/1/2018,2018,6,60,1,0,1,YES,YES
MD,7/1/2018,2018,7,58,1,0,1,YES,YES
MD,8/1/2018,2018,8,66,1,0,1,YES,YES
MD,9/1/2018,2018,9,100,1,0,1,YES,YES
MD,10/1/2018,2018,10,88,1,0,1,YES,YES
MD,11/1/2018,2018,11,85,1,0,1,YES,YES
MD,12/1/2018,2018,12,83,1,0,1,YES,YES
MD,1/1/2019,2019,1,67,1,0,1,YES,YES
MD,2/1/2019,2019,2,57,1,0,1,YES,YES
MD,3/1/2019,2019,3,78,1,0,1,YES,YES
MD,4/1/2019,2019,4,69,1,0,1,YES,YES
MD,5/1/2019,2019,5,58,1,0,1,YES,YES
MD,6/1/2019,2019,6,63,1,0,1,YES,YES
MD,7/1/2019,2019,7,54,1,0,1,YES,YES
MD,8/1/2019,2019,8,64,1,0,1,YES,YES
MD,9/1/2019,2019,9,95,1,0,1,YES,YES
MD,10/1/2019,2019,10,90,1,0,1,YES,YES
MD,11/1/2019,2019,11,79,1,0,1,YES,YES
MD,12/1/2019,2019,12,79,1,0,1,YES,YES
MD,1/1/2020,2020,1,68,1,0,1,YES,YES
MD,2/1/2020,2020,2,53,1,0,1,YES,YES
MD,3/1/2020,2020,3,39,1,0,1,YES,YES
MD,4/1/2020,2020,4,28,1,0,1,YES,YES
MD,5/1/2020,2020,5,21,1,0,1,YES,YES
MD,6/1/2020,2020,6,20,1,0,1,YES,YES
MD,7/1/2020,2020,7,29,1,0,1,YES,YES
MD,8/1/2020,2020,8,46,1,0,1,YES,YES
MD,9/1/2020,2020,9,67,1,0,1,YES,YES
MD,10/1/2020,2020,10,61,1,0,1,YES,YES
MD,11/1/2020,2020,11,53,1,0,1,YES,YES
MD,12/1/2020,2020,12,61,1,0,1,YES,YES
MD,1/1/2021,2021,1,57,1,0,1,YES,YES
MD,2/1/2021,2021,2,42,1,0,1,YES,YES
MD,3/1/2021,2021,3,51,1,0,1,YES,YES
MD,4/1/2021,2021,4,46,1,0,1,YES,YES
MD,5/1/2021,2021,5,48,1,0,1,YES,YES
MD,6/1/2021,2021,6,51,1,0,1,YES,YES
MD,7/1/2021,2021,7,45,1,0,1,YES,YES
MD,8/1/2021,2021,8,46,1,0,1,YES,YES
MD,9/1/2021,2021,9,67,1,0,1,YES,YES
MD,10/1/2021,2021,10,72,1,0,1,YES,YES
MD,11/1/2021,2021,11,68,1,0,1,YES,YES
MD,12/1/2021,2021,12,67,1,0,1,YES,YES
MD,1/1/2022,2022,1,60,1,0,1,YES,YES
MD,2/1/2022,2022,2,40,1,0,1,YES,YES
MD,3/1/2022,2022,3,53,1,0,1,YES,YES
MD,4/1/2022,2022,4,51,1,0,1,YES,YES
MD,5/1/2022,2022,5,50,1,0,1,YES,YES
MD,6/1/2022,2022,6,41,1,0,1,YES,YES
MD,7/1/2022,2022,7,41,1,0,1,YES,YES
MD,8/1/2022,2022,8,50,1,0,1,YES,YES
MD,9/1/2022,2022,9,70,1,0,1,YES,YES
MD,10/1/2022,2022,10,70,1,0,1,YES,YES
MD,11/1/2022,2022,11,67,1,0,1,YES,YES
MD,12/1/2022,2022,12,66,0,1,1,YES,YES
MD,1/1/2023,2023,1,65,0,1,1,YES,YES
MD,2/1/2023,2023,2,47,0,1,1,YES,YES
MD,3/1/2023,2023,3,62,0,1,1,YES,YES
MD,4/1/2023,2023,4,59,0,1,1,YES,YES
MD,5/1/2023,2023,5,55,0,1,1,YES,YES
MD,6/1/2023,2023,6,46,0,1,1,YES,YES
MD,7/1/2023,2023,7,46,0,1,1,YES,YES
MD,8/1/2023,2023,8,55,0,1,1,YES,YES
MD,9/1/2023,2023,9,82,0,1,1,YES,YES
MD,10/1/2023,2023,10,73,0,1,1,YES,YES
MD,11/1/2023,2023,11,73,0,1,1,YES,YES
MD,12/1/2023,2023,12,74,0,1,1,YES,YES
MD,1/1/2024,2024,1,64,0,1,1,YES,YES
MD,2/1/2024,2024,2,39,0,1,1,YES,YES
MD,3/1/2024,2024,3,57,0,1,1,YES,YES
MD,4/1/2024,2024,4,54,0,1,1,YES,YES
MD,5/1/2024,2024,5,47,0,1,1,YES,YES
MD,6/1/2024,2024,6,44,0,1,1,YES,YES
MD,7/1/2024,2024,7,39,0,1,1,YES,YES
MD,8/1/2024,2024,8,49,0,1,1,YES,YES
MD,9/1/2024,2024,9,68,0,1,1,YES,YES
MD,10/1/2024,2024,10,57,0,1,1,YES,YES
MD,11/1/2024,2024,11,52,0,1,1,YES,YES
MD,12/1/2024,2024,12,51,0,1,1,YES,YES
MD,1/1/2025,2025,1,48,0,1,1,YES,YES
MD,2/1/2025,2025,2,35,0,1,1,YES,YES
MD,3/1/2025,2025,3,52,0,1,1,YES,YES
MD,4/1/2025,2025,4,43,0,1,1,YES,YES
MD,5/1/2025,2025,5,39,0,1,1,YES,YES
MD,6/1/2025,2025,6,34,0,1,1,YES,YES
MD,7/1/2025,2025,7,31,0,1,1,YES,YES
MD,8/1/2025,2025,8,48,0,1,1,YES,YES
MD,9/1/2025,2025,9,59,0,1,1,YES,YES
MD,10/1/2025,2025,10,52,0,1,1,YES,YES
MD,11/1/2025,2025,11,64,0,1,1,YES,YES
ME,1/1/2017,2017,1,67,1,0,1,YES,YES
ME,2/1/2017,2017,2,54,1,0,1,YES,YES
ME,3/1/2017,2017,3,75,1,0,1,YES,YES
ME,4/1/2017,2017,4,76,1,0,1,YES,YES
ME,5/1/2017,2017,5,62,1,0,1,YES,YES
ME,6/1/2017,2017,6,56,1,0,1,YES,YES
ME,7/1/2017,2017,7,71,1,0,1,YES,YES
ME,8/1/2017,2017,8,85,1,0,1,YES,YES
ME,9/1/2017,2017,9,100,1,0,1,YES,YES
ME,10/1/2017,2017,10,97,1,0,1,YES,YES
ME,11/1/2017,2017,11,81,1,0,1,YES,YES
ME,12/1/2017,2017,12,85,1,0,1,YES,YES
ME,1/1/2018,2018,1,68,1,0,1,YES,YES
ME,2/1/2018,2018,2,55,1,0,1,YES,YES
ME,3/1/2018,2018,3,74,1,0,1,YES,YES
ME,4/1/2018,2018,4,75,1,0,1,YES,YES
ME,5/1/2018,2018,5,64,1,0,1,YES,YES
ME,6/1/2018,2018,6,59,1,0,1,YES,YES
ME,7/1/2018,2018,7,65,1,0,1,YES,YES
ME,8/1/2018,2018,8,73,1,0,1,YES,YES
ME,9/1/2018,2018,9,99,1,0,1,YES,YES
ME,10/1/2018,2018,10,89,1,0,1,YES,YES
ME,11/1/2018,2018,11,68,1,0,1,YES,YES
ME,12/1/2018,2018,12,75,1,0,1,YES,YES
ME,1/1/2019,2019,1,61,1,0,1,YES,YES
ME,2/1/2019,2019,2,48,1,0,1,YES,YES
ME,3/1/2019,2019,3,70,1,0,1,YES,YES
ME,4/1/2019,2019,4,66,1,0,1,YES,YES
ME,5/1/2019,2019,5,59,1,0,1,YES,YES
ME,6/1/2019,2019,6,67,1,0,1,YES,YES
ME,7/1/2019,2019,7,63,1,0,1,YES,YES
ME,8/1/2019,2019,8,65,1,0,1,YES,YES
ME,9/1/2019,2019,9,91,1,0,1,YES,YES
ME,10/1/2019,2019,10,81,1,0,1,YES,YES
ME,11/1/2019,2019,11,79,1,0,1,YES,YES
ME,12/1/2019,2019,12,70,1,0,1,YES,YES
ME,1/1/2020,2020,1,64,1,0,1,YES,YES
ME,2/1/2020,2020,2,46,1,0,1,YES,YES
ME,3/1/2020,2020,3,37,1,0,1,YES,YES
ME,4/1/2020,2020,4,27,1,0,1,YES,YES
ME,5/1/2020,2020,5,21,1,0,1,YES,YES
ME,6/1/2020,2020,6,22,1,0,1,YES,YES
ME,7/1/2020,2020,7,29,1,0,1,YES,YES
ME,8/1/2020,2020,8,45,1,0,1,YES,YES
ME,9/1/2020,2020,9,69,1,0,1,YES,YES
ME,10/1/2020,2020,10,62,1,0,1,YES,YES
ME,11/1/2020,2020,11,51,1,0,1,YES,YES
ME,12/1/2020,2020,12,52,1,0,1,YES,YES
ME,1/1/2021,2021,1,53,1,0,1,YES,YES
ME,2/1/2021,2021,2,38,1,0,1,YES,YES
ME,3/1/2021,2021,3,46,1,0,1,YES,YES
ME,4/1/2021,2021,4,46,1,0,1,YES,YES
ME,5/1/2021,2021,5,48,1,0,1,YES,YES
ME,6/1/2021,2021,6,47,1,0,1,YES,YES
ME,7/1/2021,2021,7,48,1,0,1,YES,YES
ME,8/1/2021,2021,8,51,1,0,1,YES,YES
ME,9/1/2021,2021,9,74,1,0,1,YES,YES
ME,10/1/2021,2021,10,84,1,0,1,YES,YES
ME,11/1/2021,2021,11,66,1,0,1,YES,YES
ME,12/1/2021,2021,12,69,1,0,1,YES,YES
ME,1/1/2022,2022,1,63,1,0,1,YES,YES
ME,2/1/2022,2022,2,41,1,0,1,YES,YES
ME,3/1/2022,2022,3,54,1,0,1,YES,YES
ME,4/1/2022,2022,4,56,1,0,1,YES,YES
ME,5/1/2022,2022,5,57,1,0,1,YES,YES
ME,6/1/2022,2022,6,47,1,0,1,YES,YES
ME,7/1/2022,2022,7,43,1,0,1,YES,YES
ME,8/1/2022,2022,8,48,1,0,1,YES,YES
ME,9/1/2022,2022,9,67,1,0,1,YES,YES
ME,10/1/2022,2022,10,72,1,0,1,YES,YES
ME,11/1/2022,2022,11,63,1,0,1,YES,YES
ME,12/1/2022,2022,12,62,1,0,1,YES,YES
ME,1/1/2023,2023,1,61,1,0,1,YES,YES
ME,2/1/2023,2023,2,44,1,0,1,YES,YES
ME,3/1/2023,2023,3,59,1,0,1,YES,YES
ME,4/1/2023,2023,4,61,1,0,1,YES,YES
ME,5/1/2023,2023,5,53,1,0,1,YES,YES
ME,6/1/2023,2023,6,40,1,0,1,YES,YES
ME,7/1/2023,2023,7,46,1,0,1,YES,YES
ME,8/1/2023,2023,8,54,1,0,1,YES,YES
ME,9/1/2023,2023,9,77,1,0,1,YES,YES
ME,10/1/2023,2023,10,63,1,0,1,YES,YES
ME,11/1/2023,2023,11,62,1,0,1,YES,YES
ME,12/1/2023,2023,12,64,0,1,1,YES,YES
ME,1/1/2024,2024,1,58,0,1,1,YES,YES
ME,2/1/2024,2024,2,35,0,1,1,YES,YES
ME,3/1/2024,2024,3,57,0,1,1,YES,YES
ME,4/1/2024,2024,4,56,0,1,1,YES,YES
ME,5/1/2024,2024,5,51,0,1,1,YES,YES
ME,6/1/2024,2024,6,44,0,1,1,YES,YES
ME,7/1/2024,2024,7,37,0,1,1,YES,YES
ME,8/1/2024,2024,8,47,0,1,1,YES,YES
ME,9/1/2024,2024,9,66,0,1,1,YES,YES
ME,10/1/2024,2024,10,57,0,1,1,YES,YES
ME,11/1/2024,2024,11,48,0,1,1,YES,YES
ME,12/1/2024,2024,12,47,0,1,1,YES,YES
ME,1/1/2025,2025,1,45,0,1,1,YES,YES
ME,2/1/2025,2025,2,34,0,1,1,YES,YES
ME,3/1/2025,2025,3,52,0,1,1,YES,YES
ME,4/1/2025,2025,4,42,0,1,1,YES,YES
ME,5/1/2025,2025,5,40,0,1,1,YES,YES
ME,6/1/2025,2025,6,34,0,1,1,YES,YES
ME,7/1/2025,2025,7,34,0,1,1,YES,YES
ME,8/1/2025,2025,8,49,0,1,1,YES,YES
ME,9/1/2025,2025,9,65,0,1,1,YES,YES
ME,10/1/2025,2025,10,59,0,1,1,YES,YES
ME,11/1/2025,2025,11,69,0,1,1,YES,YES
MI,1/1/2017,2017,1,67,1,0,1,YES,YES
MI,2/1/2017,2017,2,49,1,0,1,YES,YES
MI,3/1/2017,2017,3,81,1,0,1,YES,YES
MI,4/1/2017,2017,4,69,1,0,1,YES,YES
MI,5/1/2017,2017,5,55,1,0,1,YES,YES
MI,6/1/2017,2017,6,52,1,0,1,YES,YES
MI,7/1/2017,2017,7,50,1,0,1,YES,YES
MI,8/1/2017,2017,8,62,1,0,1,YES,YES
MI,9/1/2017,2017,9,100,1,0,1,YES,YES
MI,10/1/2017,2017,10,89,1,0,1,YES,YES
MI,11/1/2017,2017,11,82,1,0,1,YES,YES
MI,12/1/2017,2017,12,65,1,0,1,YES,YES
MI,1/1/2018,2018,1,65,1,0,1,YES,YES
MI,2/1/2018,2018,2,55,1,0,1,YES,YES
MI,3/1/2018,2018,3,79,1,0,1,YES,YES
MI,4/1/2018,2018,4,60,1,0,1,YES,YES
MI,5/1/2018,2018,5,51,1,0,1,YES,YES
MI,6/1/2018,2018,6,46,1,0,1,YES,YES
MI,7/1/2018,2018,7,46,1,0,1,YES,YES
MI,8/1/2018,2018,8,55,1,0,1,YES,YES
MI,9/1/2018,2018,9,94,1,0,1,YES,YES
MI,10/1/2018,2018,10,83,1,0,1,YES,YES
MI,11/1/2018,2018,11,79,1,0,1,YES,YES
MI,12/1/2018,2018,12,71,1,0,1,YES,YES
MI,1/1/2019,2019,1,57,1,0,1,YES,YES
MI,2/1/2019,2019,2,52,1,0,1,YES,YES
MI,3/1/2019,2019,3,87,1,0,1,YES,YES
MI,4/1/2019,2019,4,60,1,0,1,YES,YES
MI,5/1/2019,2019,5,50,1,0,1,YES,YES
MI,6/1/2019,2019,6,57,1,0,1,YES,YES
MI,7/1/2019,2019,7,44,1,0,1,YES,YES
MI,8/1/2019,2019,8,56,1,0,1,YES,YES
MI,9/1/2019,2019,9,82,1,0,1,YES,YES
MI,10/1/2019,2019,10,78,1,0,1,YES,YES
MI,11/1/2019,2019,11,73,1,0,1,YES,YES
MI,12/1/2019,2019,12,62,1,0,1,YES,YES
MI,1/1/2020,2020,1,62,1,0,1,YES,YES
MI,2/1/2020,2020,2,42,1,0,1,YES,YES
MI,3/1/2020,2020,3,32,1,0,1,YES,YES
MI,4/1/2020,2020,4,24,0,1,1,YES,YES
MI,5/1/2020,2020,5,18,0,1,1,YES,YES
MI,6/1/2020,2020,6,17,0,1,1,YES,YES
MI,7/1/2020,2020,7,24,0,1,1,YES,YES
MI,8/1/2020,2020,8,38,0,1,1,YES,YES
MI,9/1/2020,2020,9,60,0,1,1,YES,YES
MI,10/1/2020,2020,10,57,0,1,1,YES,YES
MI,11/1/2020,2020,11,51,0,1,1,YES,YES
MI,12/1/2020,2020,12,51,0,1,1,YES,YES
MI,1/1/2021,2021,1,57,0,1,1,YES,YES
MI,2/1/2021,2021,2,40,0,1,1,YES,YES
MI,3/1/2021,2021,3,57,0,1,1,YES,YES
MI,4/1/2021,2021,4,40,0,1,1,YES,YES
MI,5/1/2021,2021,5,39,0,1,1,YES,YES
MI,6/1/2021,2021,6,43,0,1,1,YES,YES
MI,7/1/2021,2021,7,38,0,1,1,YES,YES
MI,8/1/2021,2021,8,42,0,1,1,YES,YES
MI,9/1/2021,2021,9,67,0,1,1,YES,YES
MI,10/1/2021,2021,10,77,0,1,1,YES,YES
MI,11/1/2021,2021,11,74,0,1,1,YES,YES
MI,12/1/2021,2021,12,72,0,1,1,YES,YES
MI,1/1/2022,2022,1,57,0,1,1,YES,YES
MI,2/1/2022,2022,2,38,0,1,1,YES,YES
MI,3/1/2022,2022,3,60,0,1,1,YES,YES
MI,4/1/2022,2022,4,46,0,1,1,YES,YES
MI,5/1/2022,2022,5,40,0,1,1,YES,YES
MI,6/1/2022,2022,6,36,0,1,1,YES,YES
MI,7/1/2022,2022,7,34,0,1,1,YES,YES
MI,8/1/2022,2022,8,41,0,1,1,YES,YES
MI,9/1/2022,2022,9,69,0,1,1,YES,YES
MI,10/1/2022,2022,10,68,0,1,1,YES,YES
MI,11/1/2022,2022,11,67,0,1,1,YES,YES
MI,12/1/2022,2022,12,63,0,1,1,YES,YES
MI,1/1/2023,2023,1,56,0,1,1,YES,YES
MI,2/1/2023,2023,2,39,0,1,1,YES,YES
MI,3/1/2023,2023,3,59,0,1,1,YES,YES
MI,4/1/2023,2023,4,51,0,1,1,YES,YES
MI,5/1/2023,2023,5,45,0,1,1,YES,YES
MI,6/1/2023,2023,6,35,0,1,1,YES,YES
MI,7/1/2023,2023,7,37,0,1,1,YES,YES
MI,8/1/2023,2023,8,42,0,1,1,YES,YES
MI,9/1/2023,2023,9,77,0,1,1,YES,YES
MI,10/1/2023,2023,10,66,0,1,1,YES,YES
MI,11/1/2023,2023,11,72,0,1,1,YES,YES
MI,12/1/2023,2023,12,70,0,1,1,YES,YES
MI,1/1/2024,2024,1,70,0,1,1,YES,YES
MI,2/1/2024,2024,2,33,0,1,1,YES,YES
MI,3/1/2024,2024,3,54,0,1,1,YES,YES
MI,4/1/2024,2024,4,47,0,1,1,YES,YES
MI,5/1/2024,2024,5,40,0,1,1,YES,YES
MI,6/1/2024,2024,6,33,0,1,1,YES,YES
MI,7/1/2024,2024,7,31,0,1,1,YES,YES
MI,8/1/2024,2024,8,41,0,1,1,YES,YES
MI,9/1/2024,2024,9,70,0,1,1,YES,YES
MI,10/1/2024,2024,10,59,0,1,1,YES,YES
MI,11/1/2024,2024,11,49,0,1,1,YES,YES
MI,12/1/2024,2024,12,50,0,1,1,YES,YES
MI,1/1/2025,2025,1,44,0,1,1,YES,YES
MI,2/1/2025,2025,2,32,0,1,1,YES,YES
MI,3/1/2025,2025,3,53,0,1,1,YES,YES
MI,4/1/2025,2025,4,40,0,1,1,YES,YES
MI,5/1/2025,2025,5,35,0,1,1,YES,YES
MI,6/1/2025,2025,6,33,0,1,1,YES,YES
MI,7/1/2025,2025,7,31,0,1,1,YES,YES
MI,8/1/2025,2025,8,49,0,1,1,YES,YES
MI,9/1/2025,2025,9,63,0,1,1,YES,YES
MI,10/1/2025,2025,10,58,0,1,1,YES,YES
MI,11/1/2025,2025,11,67,0,1,1,YES,YES
MN,1/1/2017,2017,1,60,0,0,0,NO,NO
MN,2/1/2017,2017,2,47,0,0,0,NO,NO
MN,3/1/2017,2017,3,76,0,0,0,NO,NO
MN,4/1/2017,2017,4,64,0,0,0,NO,NO
MN,5/1/2017,2017,5,50,0,0,0,NO,NO
MN,6/1/2017,2017,6,51,0,0,0,NO,NO
MN,7/1/2017,2017,7,52,0,0,0,NO,NO
MN,8/1/2017,2017,8,72,0,0,0,NO,NO
MN,9/1/2017,2017,9,100,0,0,0,NO,NO
MN,10/1/2017,2017,10,86,0,0,0,NO,NO
MN,11/1/2017,2017,11,75,0,0,0,NO,NO
MN,12/1/2017,2017,12,76,0,0,0,NO,NO
MN,1/1/2018,2018,1,62,0,0,0,NO,NO
MN,2/1/2018,2018,2,49,0,0,0,NO,NO
MN,3/1/2018,2018,3,70,0,0,0,NO,NO
MN,4/1/2018,2018,4,60,0,0,0,NO,NO
MN,5/1/2018,2018,5,50,0,0,0,NO,NO
MN,6/1/2018,2018,6,50,0,0,0,NO,NO
MN,7/1/2018,2018,7,46,0,0,0,NO,NO
MN,8/1/2018,2018,8,61,0,0,0,NO,NO
MN,9/1/2018,2018,9,93,0,0,0,NO,NO
MN,10/1/2018,2018,10,78,0,0,0,NO,NO
MN,11/1/2018,2018,11,72,0,0,0,NO,NO
MN,12/1/2018,2018,12,76,0,0,0,NO,NO
MN,1/1/2019,2019,1,53,0,0,0,NO,NO
MN,2/1/2019,2019,2,43,0,0,0,NO,NO
MN,3/1/2019,2019,3,65,0,0,0,NO,NO
MN,4/1/2019,2019,4,60,0,0,0,NO,NO
MN,5/1/2019,2019,5,57,0,0,0,NO,NO
MN,6/1/2019,2019,6,58,0,0,0,NO,NO
MN,7/1/2019,2019,7,51,0,0,0,NO,NO
MN,8/1/2019,2019,8,69,0,0,0,NO,NO
MN,9/1/2019,2019,9,94,0,0,0,NO,NO
MN,10/1/2019,2019,10,77,0,0,0,NO,NO
MN,11/1/2019,2019,11,73,0,0,0,NO,NO
MN,12/1/2019,2019,12,72,0,0,0,NO,NO
MN,1/1/2020,2020,1,59,0,0,0,NO,NO
MN,2/1/2020,2020,2,41,0,0,0,NO,NO
MN,3/1/2020,2020,3,32,0,0,0,NO,NO
MN,4/1/2020,2020,4,26,0,0,0,NO,NO
MN,5/1/2020,2020,5,18,0,0,0,NO,NO
MN,6/1/2020,2020,6,17,0,0,0,NO,NO
MN,7/1/2020,2020,7,25,0,0,0,NO,NO
MN,8/1/2020,2020,8,44,0,0,0,NO,NO
MN,9/1/2020,2020,9,66,0,0,0,NO,NO
MN,10/1/2020,2020,10,54,0,0,0,NO,NO
MN,11/1/2020,2020,11,51,0,0,0,NO,NO
MN,12/1/2020,2020,12,51,0,0,0,NO,NO
MN,1/1/2021,2021,1,47,0,0,0,NO,NO
MN,2/1/2021,2021,2,35,0,0,0,NO,NO
MN,3/1/2021,2021,3,47,0,0,0,NO,NO
MN,4/1/2021,2021,4,41,0,0,0,NO,NO
MN,5/1/2021,2021,5,39,0,0,0,NO,NO
MN,6/1/2021,2021,6,38,0,0,0,NO,NO
MN,7/1/2021,2021,7,37,0,0,0,NO,NO
MN,8/1/2021,2021,8,40,0,0,0,NO,NO
MN,9/1/2021,2021,9,65,0,0,0,NO,NO
MN,10/1/2021,2021,10,67,0,0,0,NO,NO
MN,11/1/2021,2021,11,61,0,0,0,NO,NO
MN,12/1/2021,2021,12,64,0,0,0,NO,NO
MN,1/1/2022,2022,1,51,0,0,0,NO,NO
MN,2/1/2022,2022,2,34,0,0,0,NO,NO
MN,3/1/2022,2022,3,51,0,0,0,NO,NO
MN,4/1/2022,2022,4,49,0,0,0,NO,NO
MN,5/1/2022,2022,5,40,0,0,0,NO,NO
MN,6/1/2022,2022,6,31,0,0,0,NO,NO
MN,7/1/2022,2022,7,35,0,0,0,NO,NO
MN,8/1/2022,2022,8,47,0,0,0,NO,NO
MN,9/1/2022,2022,9,65,0,0,0,NO,NO
MN,10/1/2022,2022,10,62,0,0,0,NO,NO
MN,11/1/2022,2022,11,57,0,0,0,NO,NO
MN,12/1/2022,2022,12,56,0,0,0,NO,NO
MN,1/1/2023,2023,1,49,0,0,0,NO,NO
MN,2/1/2023,2023,2,34,0,0,0,NO,NO
MN,3/1/2023,2023,3,55,0,0,0,NO,NO
MN,4/1/2023,2023,4,51,0,0,0,NO,NO
MN,5/1/2023,2023,5,39,0,0,0,NO,NO
MN,6/1/2023,2023,6,33,0,0,0,NO,NO
MN,7/1/2023,2023,7,35,0,0,0,NO,NO
MN,8/1/2023,2023,8,47,0,0,0,NO,NO
MN,9/1/2023,2023,9,72,0,0,0,NO,NO
MN,10/1/2023,2023,10,62,0,0,0,NO,NO
MN,11/1/2023,2023,11,58,0,0,0,NO,NO
MN,12/1/2023,2023,12,57,0,0,0,NO,NO
MN,1/1/2024,2024,1,51,0,0,0,NO,NO
MN,2/1/2024,2024,2,28,0,0,0,NO,NO
MN,3/1/2024,2024,3,55,0,0,0,NO,NO
MN,4/1/2024,2024,4,48,0,0,0,NO,NO
MN,5/1/2024,2024,5,44,0,0,0,NO,NO
MN,6/1/2024,2024,6,32,0,0,0,NO,NO
MN,7/1/2024,2024,7,29,0,0,0,NO,NO
MN,8/1/2024,2024,8,47,0,0,0,NO,NO
MN,9/1/2024,2024,9,64,0,0,0,NO,NO
MN,10/1/2024,2024,10,55,0,0,0,NO,NO
MN,11/1/2024,2024,11,45,0,0,0,NO,NO
MN,12/1/2024,2024,12,48,0,0,0,NO,NO
MN,1/1/2025,2025,1,40,0,0,0,NO,NO
MN,2/1/2025,2025,2,29,0,0,0,NO,NO
MN,3/1/2025,2025,3,46,0,0,0,NO,NO
MN,4/1/2025,2025,4,42,0,0,0,NO,NO
MN,5/1/2025,2025,5,38,0,0,0,NO,NO
MN,6/1/2025,2025,6,30,0,0,0,NO,NO
MN,7/1/2025,2025,7,25,0,0,0,NO,NO
MN,8/1/2025,2025,8,49,0,0,0,NO,NO
MN,9/1/2025,2025,9,57,0,0,0,NO,NO
MN,10/1/2025,2025,10,48,0,0,0,NO,NO
MN,11/1/2025,2025,11,58,0,0,0,NO,NO
MO,1/1/2017,2017,1,70,0,0,0,NO,NO
MO,2/1/2017,2017,2,54,0,0,0,NO,NO
MO,3/1/2017,2017,3,85,0,0,0,NO,NO
MO,4/1/2017,2017,4,79,0,0,0,NO,NO
MO,5/1/2017,2017,5,64,0,0,0,NO,NO
MO,6/1/2017,2017,6,64,0,0,0,NO,NO
MO,7/1/2017,2017,7,60,0,0,0,NO,NO
MO,8/1/2017,2017,8,73,0,0,0,NO,NO
MO,9/1/2017,2017,9,98,0,0,0,NO,NO
MO,10/1/2017,2017,10,95,0,0,0,NO,NO
MO,11/1/2017,2017,11,82,0,0,0,NO,NO
MO,12/1/2017,2017,12,77,0,0,0,NO,NO
MO,1/1/2018,2018,1,68,0,0,0,NO,NO
MO,2/1/2018,2018,2,54,0,0,0,NO,NO
MO,3/1/2018,2018,3,83,0,0,0,NO,NO
MO,4/1/2018,2018,4,67,0,0,0,NO,NO
MO,5/1/2018,2018,5,59,0,0,0,NO,NO
MO,6/1/2018,2018,6,53,0,0,0,NO,NO
MO,7/1/2018,2018,7,53,0,0,0,NO,NO
MO,8/1/2018,2018,8,66,0,0,0,NO,NO
MO,9/1/2018,2018,9,91,0,0,0,NO,NO
MO,10/1/2018,2018,10,88,0,0,0,NO,NO
MO,11/1/2018,2018,11,74,0,0,0,NO,NO
MO,12/1/2018,2018,12,81,0,0,0,NO,NO
MO,1/1/2019,2019,1,63,0,0,0,NO,NO
MO,2/1/2019,2019,2,51,0,0,0,NO,NO
MO,3/1/2019,2019,3,75,0,0,0,NO,NO
MO,4/1/2019,2019,4,68,0,0,0,NO,NO
MO,5/1/2019,2019,5,60,0,0,0,NO,NO
MO,6/1/2019,2019,6,61,0,0,0,NO,NO
MO,7/1/2019,2019,7,52,0,0,0,NO,NO
MO,8/1/2019,2019,8,66,0,0,0,NO,NO
MO,9/1/2019,2019,9,100,0,0,0,NO,NO
MO,10/1/2019,2019,10,81,0,0,0,NO,NO
MO,11/1/2019,2019,11,85,0,0,0,NO,NO
MO,12/1/2019,2019,12,75,0,0,0,NO,NO
MO,1/1/2020,2020,1,69,0,0,0,NO,NO
MO,2/1/2020,2020,2,48,0,0,0,NO,NO
MO,3/1/2020,2020,3,38,0,0,0,NO,NO
MO,4/1/2020,2020,4,24,0,0,0,NO,NO
MO,5/1/2020,2020,5,21,0,0,0,NO,NO
MO,6/1/2020,2020,6,20,0,0,0,NO,NO
MO,7/1/2020,2020,7,27,0,0,0,NO,NO
MO,8/1/2020,2020,8,44,0,0,0,NO,NO
MO,9/1/2020,2020,9,67,0,0,0,NO,NO
MO,10/1/2020,2020,10,65,0,0,0,NO,NO
MO,11/1/2020,2020,11,53,0,0,0,NO,NO
MO,12/1/2020,2020,12,62,0,0,0,NO,NO
MO,1/1/2021,2021,1,58,0,0,0,NO,NO
MO,2/1/2021,2021,2,39,0,0,0,NO,NO
MO,3/1/2021,2021,3,51,0,0,0,NO,NO
MO,4/1/2021,2021,4,46,0,0,0,NO,NO
MO,5/1/2021,2021,5,48,0,0,0,NO,NO
MO,6/1/2021,2021,6,47,0,0,0,NO,NO
MO,7/1/2021,2021,7,44,0,0,0,NO,NO
MO,8/1/2021,2021,8,46,0,0,0,NO,NO
MO,9/1/2021,2021,9,76,0,0,0,NO,NO
MO,10/1/2021,2021,10,74,0,0,0,NO,NO
MO,11/1/2021,2021,11,73,0,0,0,NO,NO
MO,12/1/2021,2021,12,72,0,0,0,NO,NO
MO,1/1/2022,2022,1,61,0,0,0,NO,NO
MO,2/1/2022,2022,2,34,0,0,0,NO,NO
MO,3/1/2022,2022,3,55,0,0,0,NO,NO
MO,4/1/2022,2022,4,50,0,0,0,NO,NO
MO,5/1/2022,2022,5,48,0,0,0,NO,NO
MO,6/1/2022,2022,6,42,0,0,0,NO,NO
MO,7/1/2022,2022,7,38,0,0,0,NO,NO
MO,8/1/2022,2022,8,52,0,0,0,NO,NO
MO,9/1/2022,2022,9,75,0,0,0,NO,NO
MO,10/1/2022,2022,10,76,0,0,0,NO,NO
MO,11/1/2022,2022,11,66,0,0,0,NO,NO
MO,12/1/2022,2022,12,59,0,0,0,NO,NO
MO,1/1/2023,2023,1,63,0,0,0,NO,NO
MO,2/1/2023,2023,2,44,0,0,0,NO,NO
MO,3/1/2023,2023,3,68,0,0,0,NO,NO
MO,4/1/2023,2023,4,55,0,0,0,NO,NO
MO,5/1/2023,2023,5,46,0,0,0,NO,NO
MO,6/1/2023,2023,6,41,0,0,0,NO,NO
MO,7/1/2023,2023,7,41,0,0,0,NO,NO
MO,8/1/2023,2023,8,51,0,0,0,NO,NO
MO,9/1/2023,2023,9,79,0,0,0,NO,NO
MO,10/1/2023,2023,10,68,0,0,0,NO,NO
MO,11/1/2023,2023,11,69,0,0,0,NO,NO
MO,12/1/2023,2023,12,65,0,0,0,NO,NO
MO,1/1/2024,2024,1,59,0,0,0,NO,NO
MO,2/1/2024,2024,2,34,0,0,0,NO,NO
MO,3/1/2024,2024,3,60,0,0,0,NO,NO
MO,4/1/2024,2024,4,44,0,0,0,NO,NO
MO,5/1/2024,2024,5,39,0,0,0,NO,NO
MO,6/1/2024,2024,6,37,0,0,0,NO,NO
MO,7/1/2024,2024,7,33,0,0,0,NO,NO
MO,8/1/2024,2024,8,50,0,0,0,NO,NO
MO,9/1/2024,2024,9,76,0,0,0,NO,NO
MO,10/1/2024,2024,10,63,0,0,0,NO,NO
MO,11/1/2024,2024,11,51,0,0,0,NO,NO
MO,12/1/2024,2024,12,50,0,0,0,NO,NO
MO,1/1/2025,2025,1,46,0,0,0,NO,NO
MO,2/1/2025,2025,2,33,0,0,0,NO,NO
MO,3/1/2025,2025,3,52,0,0,0,NO,NO
MO,4/1/2025,2025,4,40,0,0,0,NO,NO
MO,5/1/2025,2025,5,34,0,0,0,NO,NO
MO,6/1/2025,2025,6,30,0,0,0,NO,NO
MO,7/1/2025,2025,7,28,0,0,0,NO,NO
MO,8/1/2025,2025,8,50,0,0,0,NO,NO
MO,9/1/2025,2025,9,62,0,0,0,NO,NO
MO,10/1/2025,2025,10,55,0,0,0,NO,NO
MO,11/1/2025,2025,11,73,0,0,0,NO,NO
MS,1/1/2017,2017,1,62,1,0,1,ON-PREMISES ONLY,YES
MS,2/1/2017,2017,2,50,1,0,1,ON-PREMISES ONLY,YES
MS,3/1/2017,2017,3,56,1,0,1,ON-PREMISES ONLY,YES
MS,4/1/2017,2017,4,64,1,0,1,ON-PREMISES ONLY,YES
MS,5/1/2017,2017,5,55,1,0,1,ON-PREMISES ONLY,YES
MS,6/1/2017,2017,6,67,1,0,1,ON-PREMISES ONLY,YES
MS,7/1/2017,2017,7,48,1,0,1,ON-PREMISES ONLY,YES
MS,8/1/2017,2017,8,53,1,0,1,ON-PREMISES ONLY,YES
MS,9/1/2017,2017,9,100,1,0,1,ON-PREMISES ONLY,YES
MS,10/1/2017,2017,10,89,1,0,1,ON-PREMISES ONLY,YES
MS,11/1/2017,2017,11,89,1,0,1,ON-PREMISES ONLY,YES
MS,12/1/2017,2017,12,72,1,0,1,ON-PREMISES ONLY,YES
MS,1/1/2018,2018,1,62,1,0,1,ON-PREMISES ONLY,YES
MS,2/1/2018,2018,2,47,1,0,1,ON-PREMISES ONLY,YES
MS,3/1/2018,2018,3,63,1,0,1,ON-PREMISES ONLY,YES
MS,4/1/2018,2018,4,57,1,0,1,ON-PREMISES ONLY,YES
MS,5/1/2018,2018,5,55,1,0,1,ON-PREMISES ONLY,YES
MS,6/1/2018,2018,6,62,1,0,1,ON-PREMISES ONLY,YES
MS,7/1/2018,2018,7,41,1,0,1,ON-PREMISES ONLY,YES
MS,8/1/2018,2018,8,47,0,0,0,ON-PREMISES ONLY,YES
MS,9/1/2018,2018,9,100,0,1,1,ON-PREMISES ONLY,YES
MS,10/1/2018,2018,10,83,0,1,1,ON-PREMISES ONLY,YES
MS,11/1/2018,2018,11,81,0,1,1,ON-PREMISES ONLY,YES
MS,12/1/2018,2018,12,81,0,1,1,ON-PREMISES ONLY,YES
MS,1/1/2019,2019,1,63,0,1,1,ON-PREMISES ONLY,YES
MS,2/1/2019,2019,2,53,0,1,1,ON-PREMISES ONLY,YES
MS,3/1/2019,2019,3,64,0,1,1,ON-PREMISES ONLY,YES
MS,4/1/2019,2019,4,52,0,1,1,ON-PREMISES ONLY,YES
MS,5/1/2019,2019,5,59,0,1,1,ON-PREMISES ONLY,YES
MS,6/1/2019,2019,6,62,0,1,1,ON-PREMISES ONLY,YES
MS,7/1/2019,2019,7,46,0,1,1,ON-PREMISES ONLY,YES
MS,8/1/2019,2019,8,57,0,1,1,ON-PREMISES ONLY,YES
MS,9/1/2019,2019,9,91,0,1,1,ON-PREMISES ONLY,YES
MS,10/1/2019,2019,10,72,0,1,1,ON-PREMISES ONLY,YES
MS,11/1/2019,2019,11,93,0,1,1,ON-PREMISES ONLY,YES
MS,12/1/2019,2019,12,81,0,1,1,ON-PREMISES ONLY,YES
MS,1/1/2020,2020,1,66,0,1,1,ON-PREMISES ONLY,YES
MS,2/1/2020,2020,2,43,0,1,1,ON-PREMISES ONLY,YES
MS,3/1/2020,2020,3,30,0,1,1,ON-PREMISES ONLY,YES
MS,4/1/2020,2020,4,20,0,1,1,ON-PREMISES ONLY,YES
MS,5/1/2020,2020,5,16,0,1,1,ON-PREMISES ONLY,YES
MS,6/1/2020,2020,6,16,0,1,1,ON-PREMISES ONLY,YES
MS,7/1/2020,2020,7,22,0,1,1,ON-PREMISES ONLY,YES
MS,8/1/2020,2020,8,42,0,1,1,ON-PREMISES ONLY,YES
MS,9/1/2020,2020,9,59,0,1,1,ON-PREMISES ONLY,YES
MS,10/1/2020,2020,10,61,0,1,1,ON-PREMISES ONLY,YES
MS,11/1/2020,2020,11,49,0,1,1,ON-PREMISES ONLY,YES
MS,12/1/2020,2020,12,57,0,1,1,ON-PREMISES ONLY,YES
MS,1/1/2021,2021,1,48,0,1,1,ON-PREMISES ONLY,YES
MS,2/1/2021,2021,2,41,0,1,1,ON-PREMISES ONLY,YES
MS,3/1/2021,2021,3,41,0,1,1,ON-PREMISES ONLY,YES
MS,4/1/2021,2021,4,39,0,1,1,ON-PREMISES ONLY,YES
MS,5/1/2021,2021,5,42,0,1,1,ON-PREMISES ONLY,YES
MS,6/1/2021,2021,6,59,0,1,1,ON-PREMISES ONLY,YES
MS,7/1/2021,2021,7,35,0,1,1,ON-PREMISES ONLY,YES
MS,8/1/2021,2021,8,35,0,1,1,ON-PREMISES ONLY,YES
MS,9/1/2021,2021,9,67,0,1,1,ON-PREMISES ONLY,YES
MS,10/1/2021,2021,10,68,0,1,1,ON-PREMISES ONLY,YES
MS,11/1/2021,2021,11,65,0,1,1,ON-PREMISES ONLY,YES
MS,12/1/2021,2021,12,62,0,1,1,ON-PREMISES ONLY,YES
MS,1/1/2022,2022,1,55,0,1,1,ON-PREMISES ONLY,YES
MS,2/1/2022,2022,2,42,0,1,1,ON-PREMISES ONLY,YES
MS,3/1/2022,2022,3,43,0,1,1,ON-PREMISES ONLY,YES
MS,4/1/2022,2022,4,41,0,1,1,ON-PREMISES ONLY,YES
MS,5/1/2022,2022,5,38,0,1,1,ON-PREMISES ONLY,YES
MS,6/1/2022,2022,6,46,0,1,1,ON-PREMISES ONLY,YES
MS,7/1/2022,2022,7,30,0,1,1,ON-PREMISES ONLY,YES
MS,8/1/2022,2022,8,38,0,1,1,ON-PREMISES ONLY,YES
MS,9/1/2022,2022,9,74,0,1,1,ON-PREMISES ONLY,YES
MS,10/1/2022,2022,10,82,0,1,1,ON-PREMISES ONLY,YES
MS,11/1/2022,2022,11,70,0,1,1,ON-PREMISES ONLY,YES
MS,12/1/2022,2022,12,54,0,1,1,ON-PREMISES ONLY,YES
MS,1/1/2023,2023,1,52,0,1,1,ON-PREMISES ONLY,YES
MS,2/1/2023,2023,2,42,0,1,1,ON-PREMISES ONLY,YES
MS,3/1/2023,2023,3,48,0,1,1,ON-PREMISES ONLY,YES
MS,4/1/2023,2023,4,45,0,1,1,ON-PREMISES ONLY,YES
MS,5/1/2023,2023,5,45,0,1,1,ON-PREMISES ONLY,YES
MS,6/1/2023,2023,6,44,0,1,1,ON-PREMISES ONLY,YES
MS,7/1/2023,2023,7,35,0,1,1,ON-PREMISES ONLY,YES
MS,8/1/2023,2023,8,39,0,1,1,ON-PREMISES ONLY,YES
MS,9/1/2023,2023,9,85,0,1,1,ON-PREMISES ONLY,YES
MS,10/1/2023,2023,10,62,0,1,1,ON-PREMISES ONLY,YES
MS,11/1/2023,2023,11,66,0,1,1,ON-PREMISES ONLY,YES
MS,12/1/2023,2023,12,59,0,1,1,ON-PREMISES ONLY,YES
MS,1/1/2024,2024,1,55,0,1,1,ON-PREMISES ONLY,YES
MS,2/1/2024,2024,2,32,0,1,1,ON-PREMISES ONLY,YES
MS,3/1/2024,2024,3,45,0,1,1,ON-PREMISES ONLY,YES
MS,4/1/2024,2024,4,40,0,1,1,ON-PREMISES ONLY,YES
MS,5/1/2024,2024,5,40,0,1,1,ON-PREMISES ONLY,YES
MS,6/1/2024,2024,6,35,0,1,1,ON-PREMISES ONLY,YES
MS,7/1/2024,2024,7,26,0,1,1,ON-PREMISES ONLY,YES
MS,8/1/2024,2024,8,44,0,1,1,ON-PREMISES ONLY,YES
MS,9/1/2024,2024,9,64,0,1,1,ON-PREMISES ONLY,YES
MS,10/1/2024,2024,10,51,0,1,1,ON-PREMISES ONLY,YES
MS,11/1/2024,2024,11,52,0,1,1,ON-PREMISES ONLY,YES
MS,12/1/2024,2024,12,52,0,1,1,ON-PREMISES ONLY,YES
MS,1/1/2025,2025,1,40,0,1,1,ON-PREMISES ONLY,YES
MS,2/1/2025,2025,2,32,0,1,1,ON-PREMISES ONLY,YES
MS,3/1/2025,2025,3,44,0,1,1,ON-PREMISES ONLY,YES
MS,4/1/2025,2025,4,34,0,1,1,ON-PREMISES ONLY,YES
MS,5/1/2025,2025,5,34,0,1,1,ON-PREMISES ONLY,YES
MS,6/1/2025,2025,6,31,0,1,1,ON-PREMISES ONLY,YES
MS,7/1/2025,2025,7,23,0,1,1,ON-PREMISES ONLY,YES
MS,8/1/2025,2025,8,44,0,1,1,ON-PREMISES ONLY,YES
MS,9/1/2025,2025,9,54,0,1,1,ON-PREMISES ONLY,YES
MS,10/1/2025,2025,10,50,0,1,1,ON-PREMISES ONLY,YES
MS,11/1/2025,2025,11,91,0,1,1,ON-PREMISES ONLY,YES
MT,1/1/2017,2017,1,61,1,0,1,ON-PREMISES ONLY,YES
MT,2/1/2017,2017,2,39,1,0,1,ON-PREMISES ONLY,YES
MT,3/1/2017,2017,3,70,1,0,1,ON-PREMISES ONLY,YES
MT,4/1/2017,2017,4,53,1,0,1,ON-PREMISES ONLY,YES
MT,5/1/2017,2017,5,44,1,0,1,ON-PREMISES ONLY,YES
MT,6/1/2017,2017,6,46,1,0,1,ON-PREMISES ONLY,YES
MT,7/1/2017,2017,7,44,1,0,1,ON-PREMISES ONLY,YES
MT,8/1/2017,2017,8,57,1,0,1,ON-PREMISES ONLY,YES
MT,9/1/2017,2017,9,95,1,0,1,ON-PREMISES ONLY,YES
MT,10/1/2017,2017,10,92,1,0,1,ON-PREMISES ONLY,YES
MT,11/1/2017,2017,11,76,1,0,1,ON-PREMISES ONLY,YES
MT,12/1/2017,2017,12,75,1,0,1,ON-PREMISES ONLY,YES
MT,1/1/2018,2018,1,59,1,0,1,ON-PREMISES ONLY,YES
MT,2/1/2018,2018,2,40,1,0,1,ON-PREMISES ONLY,YES
MT,3/1/2018,2018,3,68,1,0,1,ON-PREMISES ONLY,YES
MT,4/1/2018,2018,4,58,1,0,1,ON-PREMISES ONLY,YES
MT,5/1/2018,2018,5,50,1,0,1,ON-PREMISES ONLY,YES
MT,6/1/2018,2018,6,48,1,0,1,ON-PREMISES ONLY,YES
MT,7/1/2018,2018,7,45,1,0,1,ON-PREMISES ONLY,YES
MT,8/1/2018,2018,8,56,1,0,1,ON-PREMISES ONLY,YES
MT,9/1/2018,2018,9,100,1,0,1,ON-PREMISES ONLY,YES
MT,10/1/2018,2018,10,86,1,0,1,ON-PREMISES ONLY,YES
MT,11/1/2018,2018,11,78,1,0,1,ON-PREMISES ONLY,YES
MT,12/1/2018,2018,12,77,1,0,1,ON-PREMISES ONLY,YES
MT,1/1/2019,2019,1,60,1,0,1,ON-PREMISES ONLY,YES
MT,2/1/2019,2019,2,47,1,0,1,ON-PREMISES ONLY,YES
MT,3/1/2019,2019,3,74,1,0,1,ON-PREMISES ONLY,YES
MT,4/1/2019,2019,4,55,1,0,1,ON-PREMISES ONLY,YES
MT,5/1/2019,2019,5,46,1,0,1,ON-PREMISES ONLY,YES
MT,6/1/2019,2019,6,50,1,0,1,ON-PREMISES ONLY,YES
MT,7/1/2019,2019,7,46,1,0,1,ON-PREMISES ONLY,YES
MT,8/1/2019,2019,8,61,1,0,1,ON-PREMISES ONLY,YES
MT,9/1/2019,2019,9,98,1,0,1,ON-PREMISES ONLY,YES
MT,10/1/2019,2019,10,80,1,0,1,ON-PREMISES ONLY,YES
MT,11/1/2019,2019,11,85,1,0,1,ON-PREMISES ONLY,YES
MT,12/1/2019,2019,12,91,1,0,1,ON-PREMISES ONLY,YES
MT,1/1/2020,2020,1,60,1,0,1,ON-PREMISES ONLY,YES
MT,2/1/2020,2020,2,41,1,0,1,ON-PREMISES ONLY,YES
MT,3/1/2020,2020,3,29,1,0,1,ON-PREMISES ONLY,YES
MT,4/1/2020,2020,4,23,0,1,1,ON-PREMISES ONLY,YES
MT,5/1/2020,2020,5,20,0,1,1,ON-PREMISES ONLY,YES
MT,6/1/2020,2020,6,20,0,1,1,ON-PREMISES ONLY,YES
MT,7/1/2020,2020,7,24,0,1,1,ON-PREMISES ONLY,YES
MT,8/1/2020,2020,8,39,0,1,1,ON-PREMISES ONLY,YES
MT,9/1/2020,2020,9,63,0,1,1,ON-PREMISES ONLY,YES
MT,10/1/2020,2020,10,62,0,1,1,ON-PREMISES ONLY,YES
MT,11/1/2020,2020,11,52,0,1,1,ON-PREMISES ONLY,YES
MT,12/1/2020,2020,12,59,0,1,1,ON-PREMISES ONLY,YES
MT,1/1/2021,2021,1,52,0,1,1,ON-PREMISES ONLY,YES
MT,2/1/2021,2021,2,36,0,1,1,ON-PREMISES ONLY,YES
MT,3/1/2021,2021,3,50,0,1,1,ON-PREMISES ONLY,YES
MT,4/1/2021,2021,4,40,0,1,1,ON-PREMISES ONLY,YES
MT,5/1/2021,2021,5,42,0,1,1,ON-PREMISES ONLY,YES
MT,6/1/2021,2021,6,45,0,1,1,ON-PREMISES ONLY,YES
MT,7/1/2021,2021,7,40,0,1,1,ON-PREMISES ONLY,YES
MT,8/1/2021,2021,8,41,0,1,1,ON-PREMISES ONLY,YES
MT,9/1/2021,2021,9,77,0,1,1,ON-PREMISES ONLY,YES
MT,10/1/2021,2021,10,80,0,1,1,ON-PREMISES ONLY,YES
MT,11/1/2021,2021,11,78,0,1,1,ON-PREMISES ONLY,YES
MT,12/1/2021,2021,12,84,0,1,1,ON-PREMISES ONLY,YES
MT,1/1/2022,2022,1,61,0,1,1,ON-PREMISES ONLY,YES
MT,2/1/2022,2022,2,36,0,1,1,ON-PREMISES ONLY,YES
MT,3/1/2022,2022,3,53,0,1,1,ON-PREMISES ONLY,YES
MT,4/1/2022,2022,4,46,0,1,1,ON-PREMISES ONLY,YES
MT,5/1/2022,2022,5,42,0,1,1,ON-PREMISES ONLY,YES
MT,6/1/2022,2022,6,34,0,1,1,ON-PREMISES ONLY,YES
MT,7/1/2022,2022,7,33,0,1,1,ON-PREMISES ONLY,YES
MT,8/1/2022,2022,8,42,0,1,1,ON-PREMISES ONLY,YES
MT,9/1/2022,2022,9,72,0,1,1,ON-PREMISES ONLY,YES
MT,10/1/2022,2022,10,83,0,1,1,ON-PREMISES ONLY,YES
MT,11/1/2022,2022,11,77,0,1,1,ON-PREMISES ONLY,YES
MT,12/1/2022,2022,12,68,0,1,1,ON-PREMISES ONLY,YES
MT,1/1/2023,2023,1,55,0,1,1,ON-PREMISES ONLY,YES
MT,2/1/2023,2023,2,34,0,1,1,ON-PREMISES ONLY,YES
MT,3/1/2023,2023,3,56,0,1,1,ON-PREMISES ONLY,YES
MT,4/1/2023,2023,4,46,0,1,1,ON-PREMISES ONLY,YES
MT,5/1/2023,2023,5,42,0,1,1,ON-PREMISES ONLY,YES
MT,6/1/2023,2023,6,33,0,1,1,ON-PREMISES ONLY,YES
MT,7/1/2023,2023,7,33,0,1,1,ON-PREMISES ONLY,YES
MT,8/1/2023,2023,8,47,0,1,1,ON-PREMISES ONLY,YES
MT,9/1/2023,2023,9,81,0,1,1,ON-PREMISES ONLY,YES
MT,10/1/2023,2023,10,69,0,1,1,ON-PREMISES ONLY,YES
MT,11/1/2023,2023,11,65,0,1,1,ON-PREMISES ONLY,YES
MT,12/1/2023,2023,12,74,0,1,1,ON-PREMISES ONLY,YES
MT,1/1/2024,2024,1,56,0,1,1,ON-PREMISES ONLY,YES
MT,2/1/2024,2024,2,29,0,1,1,ON-PREMISES ONLY,YES
MT,3/1/2024,2024,3,58,0,1,1,ON-PREMISES ONLY,YES
MT,4/1/2024,2024,4,42,0,1,1,ON-PREMISES ONLY,YES
MT,5/1/2024,2024,5,35,0,1,1,ON-PREMISES ONLY,YES
MT,6/1/2024,2024,6,29,0,1,1,ON-PREMISES ONLY,YES
MT,7/1/2024,2024,7,24,0,1,1,ON-PREMISES ONLY,YES
MT,8/1/2024,2024,8,38,0,1,1,ON-PREMISES ONLY,YES
MT,9/1/2024,2024,9,69,0,1,1,ON-PREMISES ONLY,YES
MT,10/1/2024,2024,10,53,0,1,1,ON-PREMISES ONLY,YES
MT,11/1/2024,2024,11,51,0,1,1,ON-PREMISES ONLY,YES
MT,12/1/2024,2024,12,52,0,1,1,ON-PREMISES ONLY,YES
MT,1/1/2025,2025,1,43,0,1,1,ON-PREMISES ONLY,YES
MT,2/1/2025,2025,2,26,0,1,1,ON-PREMISES ONLY,YES
MT,3/1/2025,2025,3,41,0,1,1,ON-PREMISES ONLY,YES
MT,4/1/2025,2025,4,33,0,1,1,ON-PREMISES ONLY,YES
MT,5/1/2025,2025,5,35,0,1,1,ON-PREMISES ONLY,YES
MT,6/1/2025,2025,6,27,0,1,1,ON-PREMISES ONLY,YES
MT,7/1/2025,2025,7,24,0,1,1,ON-PREMISES ONLY,YES
MT,8/1/2025,2025,8,42,0,1,1,ON-PREMISES ONLY,YES
MT,9/1/2025,2025,9,62,0,1,1,ON-PREMISES ONLY,YES
MT,10/1/2025,2025,10,55,0,1,1,ON-PREMISES ONLY,YES
MT,11/1/2025,2025,11,72,0,1,1,ON-PREMISES ONLY,YES
NC,1/1/2017,2017,1,80,1,0,1,YES,YES
NC,2/1/2017,2017,2,60,1,0,1,YES,YES
NC,3/1/2017,2017,3,97,1,0,1,YES,YES
NC,4/1/2017,2017,4,74,1,0,1,YES,YES
NC,5/1/2017,2017,5,56,1,0,1,YES,YES
NC,6/1/2017,2017,6,55,1,0,1,YES,YES
NC,7/1/2017,2017,7,52,1,0,1,YES,YES
NC,8/1/2017,2017,8,65,1,0,1,YES,YES
NC,9/1/2017,2017,9,100,1,0,1,YES,YES
NC,10/1/2017,2017,10,94,1,0,1,YES,YES
NC,11/1/2017,2017,11,90,1,0,1,YES,YES
NC,12/1/2017,2017,12,81,1,0,1,YES,YES
NC,1/1/2018,2018,1,75,1,0,1,YES,YES
NC,2/1/2018,2018,2,59,1,0,1,YES,YES
NC,3/1/2018,2018,3,85,1,0,1,YES,YES
NC,4/1/2018,2018,4,60,1,0,1,YES,YES
NC,5/1/2018,2018,5,56,1,0,1,YES,YES
NC,6/1/2018,2018,6,57,1,0,1,YES,YES
NC,7/1/2018,2018,7,49,1,0,1,YES,YES
NC,8/1/2018,2018,8,58,1,0,1,YES,YES
NC,9/1/2018,2018,9,89,1,0,1,YES,YES
NC,10/1/2018,2018,10,82,1,0,1,YES,YES
NC,11/1/2018,2018,11,81,1,0,1,YES,YES
NC,12/1/2018,2018,12,81,1,0,1,YES,YES
NC,1/1/2019,2019,1,68,1,0,1,YES,YES
NC,2/1/2019,2019,2,58,1,0,1,YES,YES
NC,3/1/2019,2019,3,89,1,0,1,YES,YES
NC,4/1/2019,2019,4,61,1,0,1,YES,YES
NC,5/1/2019,2019,5,53,1,0,1,YES,YES
NC,6/1/2019,2019,6,59,1,0,1,YES,YES
NC,7/1/2019,2019,7,52,1,0,1,YES,YES
NC,8/1/2019,2019,8,59,1,0,1,YES,YES
NC,9/1/2019,2019,9,85,1,0,1,YES,YES
NC,10/1/2019,2019,10,73,1,0,1,YES,YES
NC,11/1/2019,2019,11,77,1,0,1,YES,YES
NC,12/1/2019,2019,12,75,1,0,1,YES,YES
NC,1/1/2020,2020,1,70,1,0,1,YES,YES
NC,2/1/2020,2020,2,48,1,0,1,YES,YES
NC,3/1/2020,2020,3,36,1,0,1,YES,YES
NC,4/1/2020,2020,4,25,1,0,1,YES,YES
NC,5/1/2020,2020,5,19,1,0,1,YES,YES
NC,6/1/2020,2020,6,19,1,0,1,YES,YES
NC,7/1/2020,2020,7,25,1,0,1,YES,YES
NC,8/1/2020,2020,8,37,1,0,1,YES,YES
NC,9/1/2020,2020,9,59,1,0,1,YES,YES
NC,10/1/2020,2020,10,61,1,0,1,YES,YES
NC,11/1/2020,2020,11,51,1,0,1,YES,YES
NC,12/1/2020,2020,12,57,1,0,1,YES,YES
NC,1/1/2021,2021,1,54,1,0,1,YES,YES
NC,2/1/2021,2021,2,39,1,0,1,YES,YES
NC,3/1/2021,2021,3,47,1,0,1,YES,YES
NC,4/1/2021,2021,4,40,1,0,1,YES,YES
NC,5/1/2021,2021,5,40,1,0,1,YES,YES
NC,6/1/2021,2021,6,45,1,0,1,YES,YES
NC,7/1/2021,2021,7,43,1,0,1,YES,YES
NC,8/1/2021,2021,8,41,1,0,1,YES,YES
NC,9/1/2021,2021,9,62,1,0,1,YES,YES
NC,10/1/2021,2021,10,71,1,0,1,YES,YES
NC,11/1/2021,2021,11,72,1,0,1,YES,YES
NC,12/1/2021,2021,12,64,1,0,1,YES,YES
NC,1/1/2022,2022,1,55,1,0,1,YES,YES
NC,2/1/2022,2022,2,40,1,0,1,YES,YES
NC,3/1/2022,2022,3,62,1,0,1,YES,YES
NC,4/1/2022,2022,4,48,1,0,1,YES,YES
NC,5/1/2022,2022,5,43,1,0,1,YES,YES
NC,6/1/2022,2022,6,38,1,0,1,YES,YES
NC,7/1/2022,2022,7,35,1,0,1,YES,YES
NC,8/1/2022,2022,8,42,1,0,1,YES,YES
NC,9/1/2022,2022,9,68,1,0,1,YES,YES
NC,10/1/2022,2022,10,68,1,0,1,YES,YES
NC,11/1/2022,2022,11,62,1,0,1,YES,YES
NC,12/1/2022,2022,12,59,1,0,1,YES,YES
NC,1/1/2023,2023,1,56,1,0,1,YES,YES
NC,2/1/2023,2023,2,43,1,0,1,YES,YES
NC,3/1/2023,2023,3,61,1,0,1,YES,YES
NC,4/1/2023,2023,4,49,1,0,1,YES,YES
NC,5/1/2023,2023,5,42,1,0,1,YES,YES
NC,6/1/2023,2023,6,40,1,0,1,YES,YES
NC,7/1/2023,2023,7,38,1,0,1,YES,YES
NC,8/1/2023,2023,8,43,1,0,1,YES,YES
NC,9/1/2023,2023,9,81,1,0,1,YES,YES
NC,10/1/2023,2023,10,64,1,0,1,YES,YES
NC,11/1/2023,2023,11,62,1,0,1,YES,YES
NC,12/1/2023,2023,12,61,1,0,1,YES,YES
NC,1/1/2024,2024,1,56,1,0,1,YES,YES
NC,2/1/2024,2024,2,37,1,0,1,YES,YES
NC,3/1/2024,2024,3,66,1,0,1,YES,YES
NC,4/1/2024,2024,4,47,0,1,1,YES,YES
NC,5/1/2024,2024,5,40,0,1,1,YES,YES
NC,6/1/2024,2024,6,41,0,1,1,YES,YES
NC,7/1/2024,2024,7,31,0,1,1,YES,YES
NC,8/1/2024,2024,8,41,0,1,1,YES,YES
NC,9/1/2024,2024,9,59,0,1,1,YES,YES
NC,10/1/2024,2024,10,48,0,1,1,YES,YES
NC,11/1/2024,2024,11,46,0,1,1,YES,YES
NC,12/1/2024,2024,12,45,0,1,1,YES,YES
NC,1/1/2025,2025,1,41,0,1,1,YES,YES
NC,2/1/2025,2025,2,33,0,1,1,YES,YES
NC,3/1/2025,2025,3,50,0,1,1,YES,YES
NC,4/1/2025,2025,4,35,0,1,1,YES,YES
NC,5/1/2025,2025,5,34,0,1,1,YES,YES
NC,6/1/2025,2025,6,30,0,1,1,YES,YES
NC,7/1/2025,2025,7,26,0,1,1,YES,YES
NC,8/1/2025,2025,8,46,0,1,1,YES,YES
NC,9/1/2025,2025,9,53,0,1,1,YES,YES
NC,10/1/2025,2025,10,46,0,1,1,YES,YES
NC,11/1/2025,2025,11,71,0,1,1,YES,YES
ND,1/1/2017,2017,1,53,0,0,0,NO,NO
ND,2/1/2017,2017,2,42,0,0,0,NO,NO
ND,3/1/2017,2017,3,72,0,0,0,NO,NO
ND,4/1/2017,2017,4,59,0,0,0,NO,NO
ND,5/1/2017,2017,5,46,0,0,0,NO,NO
ND,6/1/2017,2017,6,45,0,0,0,NO,NO
ND,7/1/2017,2017,7,46,0,0,0,NO,NO
ND,8/1/2017,2017,8,63,0,0,0,NO,NO
ND,9/1/2017,2017,9,100,0,0,0,NO,NO
ND,10/1/2017,2017,10,95,0,0,0,NO,NO
ND,11/1/2017,2017,11,75,0,0,0,NO,NO
ND,12/1/2017,2017,12,85,0,0,0,NO,NO
ND,1/1/2018,2018,1,61,0,0,0,NO,NO
ND,2/1/2018,2018,2,40,0,0,0,NO,NO
ND,3/1/2018,2018,3,59,0,0,0,NO,NO
ND,4/1/2018,2018,4,51,0,0,0,NO,NO
ND,5/1/2018,2018,5,41,0,0,0,NO,NO
ND,6/1/2018,2018,6,39,0,0,0,NO,NO
ND,7/1/2018,2018,7,41,0,0,0,NO,NO
ND,8/1/2018,2018,8,58,0,0,0,NO,NO
ND,9/1/2018,2018,9,95,0,0,0,NO,NO
ND,10/1/2018,2018,10,76,0,0,0,NO,NO
ND,11/1/2018,2018,11,77,0,0,0,NO,NO
ND,12/1/2018,2018,12,84,0,0,0,NO,NO
ND,1/1/2019,2019,1,56,0,0,0,NO,NO
ND,2/1/2019,2019,2,38,0,0,0,NO,NO
ND,3/1/2019,2019,3,61,0,0,0,NO,NO
ND,4/1/2019,2019,4,50,0,0,0,NO,NO
ND,5/1/2019,2019,5,47,0,0,0,NO,NO
ND,6/1/2019,2019,6,44,0,0,0,NO,NO
ND,7/1/2019,2019,7,42,0,0,0,NO,NO
ND,8/1/2019,2019,8,65,0,0,0,NO,NO
ND,9/1/2019,2019,9,87,0,0,0,NO,NO
ND,10/1/2019,2019,10,76,0,0,0,NO,NO
ND,11/1/2019,2019,11,79,0,0,0,NO,NO
ND,12/1/2019,2019,12,78,0,0,0,NO,NO
ND,1/1/2020,2020,1,56,0,0,0,NO,NO
ND,2/1/2020,2020,2,37,0,0,0,NO,NO
ND,3/1/2020,2020,3,33,0,0,0,NO,NO
ND,4/1/2020,2020,4,23,0,0,0,NO,NO
ND,5/1/2020,2020,5,19,0,0,0,NO,NO
ND,6/1/2020,2020,6,17,0,0,0,NO,NO
ND,7/1/2020,2020,7,20,0,0,0,NO,NO
ND,8/1/2020,2020,8,39,0,0,0,NO,NO
ND,9/1/2020,2020,9,59,0,0,0,NO,NO
ND,10/1/2020,2020,10,51,0,0,0,NO,NO
ND,11/1/2020,2020,11,43,0,0,0,NO,NO
ND,12/1/2020,2020,12,44,0,0,0,NO,NO
ND,1/1/2021,2021,1,42,0,0,0,NO,NO
ND,2/1/2021,2021,2,34,0,0,0,NO,NO
ND,3/1/2021,2021,3,47,0,0,0,NO,NO
ND,4/1/2021,2021,4,43,0,0,0,NO,NO
ND,5/1/2021,2021,5,35,0,0,0,NO,NO
ND,6/1/2021,2021,6,34,0,0,0,NO,NO
ND,7/1/2021,2021,7,31,0,0,0,NO,NO
ND,8/1/2021,2021,8,39,0,0,0,NO,NO
ND,9/1/2021,2021,9,60,0,0,0,NO,NO
ND,10/1/2021,2021,10,62,0,0,0,NO,NO
ND,11/1/2021,2021,11,58,0,0,0,NO,NO
ND,12/1/2021,2021,12,69,0,0,0,NO,NO
ND,1/1/2022,2022,1,50,0,0,0,NO,NO
ND,2/1/2022,2022,2,27,0,0,0,NO,NO
ND,3/1/2022,2022,3,48,0,0,0,NO,NO
ND,4/1/2022,2022,4,37,0,0,0,NO,NO
ND,5/1/2022,2022,5,35,0,0,0,NO,NO
ND,6/1/2022,2022,6,29,0,0,0,NO,NO
ND,7/1/2022,2022,7,27,0,0,0,NO,NO
ND,8/1/2022,2022,8,40,0,0,0,NO,NO
ND,9/1/2022,2022,9,61,0,0,0,NO,NO
ND,10/1/2022,2022,10,58,0,0,0,NO,NO
ND,11/1/2022,2022,11,52,0,0,0,NO,NO
ND,12/1/2022,2022,12,54,0,0,0,NO,NO
ND,1/1/2023,2023,1,42,0,0,0,NO,NO
ND,2/1/2023,2023,2,25,0,0,0,NO,NO
ND,3/1/2023,2023,3,43,0,0,0,NO,NO
ND,4/1/2023,2023,4,41,0,0,0,NO,NO
ND,5/1/2023,2023,5,29,0,0,0,NO,NO
ND,6/1/2023,2023,6,27,0,0,0,NO,NO
ND,7/1/2023,2023,7,27,0,0,0,NO,NO
ND,8/1/2023,2023,8,41,0,0,0,NO,NO
ND,9/1/2023,2023,9,66,0,0,0,NO,NO
ND,10/1/2023,2023,10,63,0,0,0,NO,NO
ND,11/1/2023,2023,11,54,0,0,0,NO,NO
ND,12/1/2023,2023,12,59,0,0,0,NO,NO
ND,1/1/2024,2024,1,46,0,0,0,NO,NO
ND,2/1/2024,2024,2,27,0,0,0,NO,NO
ND,3/1/2024,2024,3,48,0,0,0,NO,NO
ND,4/1/2024,2024,4,39,0,0,0,NO,NO
ND,5/1/2024,2024,5,33,0,0,0,NO,NO
ND,6/1/2024,2024,6,26,0,0,0,NO,NO
ND,7/1/2024,2024,7,24,0,0,0,NO,NO
ND,8/1/2024,2024,8,42,0,0,0,NO,NO
ND,9/1/2024,2024,9,57,0,0,0,NO,NO
ND,10/1/2024,2024,10,54,0,0,0,NO,NO
ND,11/1/2024,2024,11,41,0,0,0,NO,NO
ND,12/1/2024,2024,12,45,0,0,0,NO,NO
ND,1/1/2025,2025,1,34,0,0,0,NO,NO
ND,2/1/2025,2025,2,25,0,0,0,NO,NO
ND,3/1/2025,2025,3,36,0,0,0,NO,NO
ND,4/1/2025,2025,4,31,0,0,0,NO,NO
ND,5/1/2025,2025,5,31,0,0,0,NO,NO
ND,6/1/2025,2025,6,26,0,0,0,NO,NO
ND,7/1/2025,2025,7,24,0,0,0,NO,NO
ND,8/1/2025,2025,8,43,0,0,0,NO,NO
ND,9/1/2025,2025,9,59,0,0,0,NO,NO
ND,10/1/2025,2025,10,49,0,0,0,NO,NO
ND,11/1/2025,2025,11,66,0,0,0,NO,NO
NE,1/1/2017,2017,1,55,1,0,1,NO,YES
NE,2/1/2017,2017,2,42,1,0,1,NO,YES
NE,3/1/2017,2017,3,77,1,0,1,NO,YES
NE,4/1/2017,2017,4,54,1,0,1,NO,YES
NE,5/1/2017,2017,5,46,1,0,1,NO,YES
NE,6/1/2017,2017,6,48,1,0,1,NO,YES
NE,7/1/2017,2017,7,42,1,0,1,NO,YES
NE,8/1/2017,2017,8,57,1,0,1,NO,YES
NE,9/1/2017,2017,9,100,1,0,1,NO,YES
NE,10/1/2017,2017,10,87,1,0,1,NO,YES
NE,11/1/2017,2017,11,82,1,0,1,NO,YES
NE,12/1/2017,2017,12,88,1,0,1,NO,YES
NE,1/1/2018,2018,1,59,1,0,1,NO,YES
NE,2/1/2018,2018,2,48,1,0,1,NO,YES
NE,3/1/2018,2018,3,72,1,0,1,NO,YES
NE,4/1/2018,2018,4,49,1,0,1,NO,YES
NE,5/1/2018,2018,5,46,1,0,1,NO,YES
NE,6/1/2018,2018,6,52,1,0,1,NO,YES
NE,7/1/2018,2018,7,42,1,0,1,NO,YES
NE,8/1/2018,2018,8,52,1,0,1,NO,YES
NE,9/1/2018,2018,9,92,1,0,1,NO,YES
NE,10/1/2018,2018,10,83,1,0,1,NO,YES
NE,11/1/2018,2018,11,72,1,0,1,NO,YES
NE,12/1/2018,2018,12,79,1,0,1,NO,YES
NE,1/1/2019,2019,1,53,1,0,1,NO,YES
NE,2/1/2019,2019,2,40,1,0,1,NO,YES
NE,3/1/2019,2019,3,76,1,0,1,NO,YES
NE,4/1/2019,2019,4,46,1,0,1,NO,YES
NE,5/1/2019,2019,5,46,1,0,1,NO,YES
NE,6/1/2019,2019,6,58,1,0,1,NO,YES
NE,7/1/2019,2019,7,45,1,0,1,NO,YES
NE,8/1/2019,2019,8,57,1,0,1,NO,YES
NE,9/1/2019,2019,9,93,1,0,1,NO,YES
NE,10/1/2019,2019,10,71,1,0,1,NO,YES
NE,11/1/2019,2019,11,72,1,0,1,NO,YES
NE,12/1/2019,2019,12,73,1,0,1,NO,YES
NE,1/1/2020,2020,1,55,1,0,1,NO,YES
NE,2/1/2020,2020,2,40,1,0,1,NO,YES
NE,3/1/2020,2020,3,30,1,0,1,NO,YES
NE,4/1/2020,2020,4,22,1,0,1,NO,YES
NE,5/1/2020,2020,5,19,1,0,1,NO,YES
NE,6/1/2020,2020,6,19,1,0,1,NO,YES
NE,7/1/2020,2020,7,24,1,0,1,NO,YES
NE,8/1/2020,2020,8,39,1,0,1,NO,YES
NE,9/1/2020,2020,9,54,1,0,1,NO,YES
NE,10/1/2020,2020,10,59,1,0,1,NO,YES
NE,11/1/2020,2020,11,51,1,0,1,NO,YES
NE,12/1/2020,2020,12,53,1,0,1,NO,YES
NE,1/1/2021,2021,1,48,1,0,1,NO,YES
NE,2/1/2021,2021,2,35,1,0,1,NO,YES
NE,3/1/2021,2021,3,51,1,0,1,NO,YES
NE,4/1/2021,2021,4,41,1,0,1,NO,YES
NE,5/1/2021,2021,5,36,1,0,1,NO,YES
NE,6/1/2021,2021,6,53,0,1,1,NO,YES
NE,7/1/2021,2021,7,37,0,1,1,NO,YES
NE,8/1/2021,2021,8,43,0,1,1,NO,YES
NE,9/1/2021,2021,9,66,0,1,1,NO,YES
NE,10/1/2021,2021,10,69,0,1,1,NO,YES
NE,11/1/2021,2021,11,64,0,1,1,NO,YES
NE,12/1/2021,2021,12,67,0,1,1,NO,YES
NE,1/1/2022,2022,1,52,0,1,1,NO,YES
NE,2/1/2022,2022,2,33,0,1,1,NO,YES
NE,3/1/2022,2022,3,50,0,1,1,NO,YES
NE,4/1/2022,2022,4,36,0,1,1,NO,YES
NE,5/1/2022,2022,5,34,0,1,1,NO,YES
NE,6/1/2022,2022,6,36,0,1,1,NO,YES
NE,7/1/2022,2022,7,28,0,1,1,NO,YES
NE,8/1/2022,2022,8,40,0,1,1,NO,YES
NE,9/1/2022,2022,9,65,0,1,1,NO,YES
NE,10/1/2022,2022,10,61,0,1,1,NO,YES
NE,11/1/2022,2022,11,53,0,1,1,NO,YES
NE,12/1/2022,2022,12,52,0,1,1,NO,YES
NE,1/1/2023,2023,1,45,0,1,1,NO,YES
NE,2/1/2023,2023,2,32,0,1,1,NO,YES
NE,3/1/2023,2023,3,57,0,1,1,NO,YES
NE,4/1/2023,2023,4,39,0,1,1,NO,YES
NE,5/1/2023,2023,5,36,0,1,1,NO,YES
NE,6/1/2023,2023,6,38,0,1,1,NO,YES
NE,7/1/2023,2023,7,31,0,1,1,NO,YES
NE,8/1/2023,2023,8,42,0,1,1,NO,YES
NE,9/1/2023,2023,9,73,0,1,1,NO,YES
NE,10/1/2023,2023,10,61,0,1,1,NO,YES
NE,11/1/2023,2023,11,58,0,1,1,NO,YES
NE,12/1/2023,2023,12,65,0,1,1,NO,YES
NE,1/1/2024,2024,1,50,0,1,1,NO,YES
NE,2/1/2024,2024,2,33,0,1,1,NO,YES
NE,3/1/2024,2024,3,57,0,1,1,NO,YES
NE,4/1/2024,2024,4,42,0,1,1,NO,YES
NE,5/1/2024,2024,5,34,0,1,1,NO,YES
NE,6/1/2024,2024,6,38,0,1,1,NO,YES
NE,7/1/2024,2024,7,26,0,1,1,NO,YES
NE,8/1/2024,2024,8,45,0,1,1,NO,YES
NE,9/1/2024,2024,9,64,0,1,1,NO,YES
NE,10/1/2024,2024,10,51,0,1,1,NO,YES
NE,11/1/2024,2024,11,48,0,1,1,NO,YES
NE,12/1/2024,2024,12,53,0,1,1,NO,YES
NE,1/1/2025,2025,1,40,0,1,1,NO,YES
NE,2/1/2025,2025,2,29,0,1,1,NO,YES
NE,3/1/2025,2025,3,49,0,1,1,NO,YES
NE,4/1/2025,2025,4,33,0,1,1,NO,YES
NE,5/1/2025,2025,5,32,0,1,1,NO,YES
NE,6/1/2025,2025,6,33,0,1,1,NO,YES
NE,7/1/2025,2025,7,24,0,1,1,NO,YES
NE,8/1/2025,2025,8,50,0,1,1,NO,YES
NE,9/1/2025,2025,9,52,0,1,1,NO,YES
NE,10/1/2025,2025,10,48,0,1,1,NO,YES
NE,11/1/2025,2025,11,71,0,1,1,NO,YES
NH,1/1/2017,2017,1,75,1,0,1,YES,YES
NH,2/1/2017,2017,2,62,1,0,1,YES,YES
NH,3/1/2017,2017,3,84,1,0,1,YES,YES
NH,4/1/2017,2017,4,86,1,0,1,YES,YES
NH,5/1/2017,2017,5,71,1,0,1,YES,YES
NH,6/1/2017,2017,6,68,1,0,1,YES,YES
NH,7/1/2017,2017,7,70,1,0,1,YES,YES
NH,8/1/2017,2017,8,86,1,0,1,YES,YES
NH,9/1/2017,2017,9,100,1,0,1,YES,YES
NH,10/1/2017,2017,10,95,1,0,1,YES,YES
NH,11/1/2017,2017,11,90,1,0,1,YES,YES
NH,12/1/2017,2017,12,84,1,0,1,YES,YES
NH,1/1/2018,2018,1,76,1,0,1,YES,YES
NH,2/1/2018,2018,2,60,1,0,1,YES,YES
NH,3/1/2018,2018,3,75,1,0,1,YES,YES
NH,4/1/2018,2018,4,76,1,0,1,YES,YES
NH,5/1/2018,2018,5,71,1,0,1,YES,YES
NH,6/1/2018,2018,6,62,1,0,1,YES,YES
NH,7/1/2018,2018,7,62,1,0,1,YES,YES
NH,8/1/2018,2018,8,76,1,0,1,YES,YES
NH,9/1/2018,2018,9,100,1,0,1,YES,YES
NH,10/1/2018,2018,10,94,1,0,1,YES,YES
NH,11/1/2018,2018,11,75,1,0,1,YES,YES
NH,12/1/2018,2018,12,76,1,0,1,YES,YES
NH,1/1/2019,2019,1,68,1,0,1,YES,YES
NH,2/1/2019,2019,2,52,1,0,1,YES,YES
NH,3/1/2019,2019,3,71,1,0,1,YES,YES
NH,4/1/2019,2019,4,69,1,0,1,YES,YES
NH,5/1/2019,2019,5,62,1,0,1,YES,YES
NH,6/1/2019,2019,6,64,1,0,1,YES,YES
NH,7/1/2019,2019,7,54,1,0,1,YES,YES
NH,8/1/2019,2019,8,67,1,0,1,YES,YES
NH,9/1/2019,2019,9,93,1,0,1,YES,YES
NH,10/1/2019,2019,10,81,1,0,1,YES,YES
NH,11/1/2019,2019,11,79,1,0,1,YES,YES
NH,12/1/2019,2019,12,71,1,0,1,YES,YES
NH,1/1/2020,2020,1,67,0,1,1,YES,YES
NH,2/1/2020,2020,2,49,0,1,1,YES,YES
NH,3/1/2020,2020,3,38,0,1,1,YES,YES
NH,4/1/2020,2020,4,28,0,1,1,YES,YES
NH,5/1/2020,2020,5,22,0,1,1,YES,YES
NH,6/1/2020,2020,6,21,0,1,1,YES,YES
NH,7/1/2020,2020,7,30,0,1,1,YES,YES
NH,8/1/2020,2020,8,52,0,1,1,YES,YES
NH,9/1/2020,2020,9,80,0,1,1,YES,YES
NH,10/1/2020,2020,10,65,0,1,1,YES,YES
NH,11/1/2020,2020,11,56,0,1,1,YES,YES
NH,12/1/2020,2020,12,58,0,1,1,YES,YES
NH,1/1/2021,2021,1,61,0,1,1,YES,YES
NH,2/1/2021,2021,2,44,0,1,1,YES,YES
NH,3/1/2021,2021,3,57,0,1,1,YES,YES
NH,4/1/2021,2021,4,54,0,1,1,YES,YES
NH,5/1/2021,2021,5,55,0,1,1,YES,YES
NH,6/1/2021,2021,6,56,0,1,1,YES,YES
NH,7/1/2021,2021,7,56,0,1,1,YES,YES
NH,8/1/2021,2021,8,57,0,1,1,YES,YES
NH,9/1/2021,2021,9,81,0,1,1,YES,YES
NH,10/1/2021,2021,10,89,0,1,1,YES,YES
NH,11/1/2021,2021,11,76,0,1,1,YES,YES
NH,12/1/2021,2021,12,72,0,1,1,YES,YES
NH,1/1/2022,2022,1,69,0,1,1,YES,YES
NH,2/1/2022,2022,2,45,0,1,1,YES,YES
NH,3/1/2022,2022,3,59,0,1,1,YES,YES
NH,4/1/2022,2022,4,63,0,1,1,YES,YES
NH,5/1/2022,2022,5,63,0,1,1,YES,YES
NH,6/1/2022,2022,6,49,0,1,1,YES,YES
NH,7/1/2022,2022,7,45,0,1,1,YES,YES
NH,8/1/2022,2022,8,51,0,1,1,YES,YES
NH,9/1/2022,2022,9,71,0,1,1,YES,YES
NH,10/1/2022,2022,10,77,0,1,1,YES,YES
NH,11/1/2022,2022,11,76,0,1,1,YES,YES
NH,12/1/2022,2022,12,65,0,1,1,YES,YES
NH,1/1/2023,2023,1,65,0,1,1,YES,YES
NH,2/1/2023,2023,2,46,0,1,1,YES,YES
NH,3/1/2023,2023,3,66,0,1,1,YES,YES
NH,4/1/2023,2023,4,69,0,1,1,YES,YES
NH,5/1/2023,2023,5,58,0,1,1,YES,YES
NH,6/1/2023,2023,6,45,0,1,1,YES,YES
NH,7/1/2023,2023,7,47,0,1,1,YES,YES
NH,8/1/2023,2023,8,56,0,1,1,YES,YES
NH,9/1/2023,2023,9,78,0,1,1,YES,YES
NH,10/1/2023,2023,10,73,0,1,1,YES,YES
NH,11/1/2023,2023,11,67,0,1,1,YES,YES
NH,12/1/2023,2023,12,63,0,1,1,YES,YES
NH,1/1/2024,2024,1,60,0,1,1,YES,YES
NH,2/1/2024,2024,2,38,0,1,1,YES,YES
NH,3/1/2024,2024,3,57,0,1,1,YES,YES
NH,4/1/2024,2024,4,55,0,1,1,YES,YES
NH,5/1/2024,2024,5,53,0,1,1,YES,YES
NH,6/1/2024,2024,6,45,0,1,1,YES,YES
NH,7/1/2024,2024,7,39,0,1,1,YES,YES
NH,8/1/2024,2024,8,50,0,1,1,YES,YES
NH,9/1/2024,2024,9,65,0,1,1,YES,YES
NH,10/1/2024,2024,10,60,0,1,1,YES,YES
NH,11/1/2024,2024,11,49,0,1,1,YES,YES
NH,12/1/2024,2024,12,49,0,1,1,YES,YES
NH,1/1/2025,2025,1,45,0,1,1,YES,YES
NH,2/1/2025,2025,2,35,0,1,1,YES,YES
NH,3/1/2025,2025,3,47,0,1,1,YES,YES
NH,4/1/2025,2025,4,46,0,1,1,YES,YES
NH,5/1/2025,2025,5,43,0,1,1,YES,YES
NH,6/1/2025,2025,6,36,0,1,1,YES,YES
NH,7/1/2025,2025,7,34,0,1,1,YES,YES
NH,8/1/2025,2025,8,53,0,1,1,YES,YES
NH,9/1/2025,2025,9,67,0,1,1,YES,YES
NH,10/1/2025,2025,10,60,0,1,1,YES,YES
NH,11/1/2025,2025,11,64,0,1,1,YES,YES
NJ,1/1/2017,2017,1,69,1,0,1,YES,YES
NJ,2/1/2017,2017,2,53,1,0,1,YES,YES
NJ,3/1/2017,2017,3,75,1,0,1,YES,YES
NJ,4/1/2017,2017,4,77,1,0,1,YES,YES
NJ,5/1/2017,2017,5,63,1,0,1,YES,YES
NJ,6/1/2017,2017,6,62,1,0,1,YES,YES
NJ,7/1/2017,2017,7,66,1,0,1,YES,YES
NJ,8/1/2017,2017,8,74,1,0,1,YES,YES
NJ,9/1/2017,2017,9,96,1,0,1,YES,YES
NJ,10/1/2017,2017,10,100,1,0,1,YES,YES
NJ,11/1/2017,2017,11,82,1,0,1,YES,YES
NJ,12/1/2017,2017,12,79,1,0,1,YES,YES
NJ,1/1/2018,2018,1,64,1,0,1,YES,YES
NJ,2/1/2018,2018,2,57,1,0,1,YES,YES
NJ,3/1/2018,2018,3,72,1,0,1,YES,YES
NJ,4/1/2018,2018,4,73,1,0,1,YES,YES
NJ,5/1/2018,2018,5,62,1,0,1,YES,YES
NJ,6/1/2018,2018,6,58,0,1,1,YES,YES
NJ,7/1/2018,2018,7,62,0,1,1,YES,YES
NJ,8/1/2018,2018,8,70,0,1,1,YES,YES
NJ,9/1/2018,2018,9,96,0,1,1,YES,YES
NJ,10/1/2018,2018,10,85,0,1,1,YES,YES
NJ,11/1/2018,2018,11,77,0,1,1,YES,YES
NJ,12/1/2018,2018,12,78,0,1,1,YES,YES
NJ,1/1/2019,2019,1,65,0,1,1,YES,YES
NJ,2/1/2019,2019,2,58,0,1,1,YES,YES
NJ,3/1/2019,2019,3,77,0,1,1,YES,YES
NJ,4/1/2019,2019,4,68,0,1,1,YES,YES
NJ,5/1/2019,2019,5,62,0,1,1,YES,YES
NJ,6/1/2019,2019,6,67,0,1,1,YES,YES
NJ,7/1/2019,2019,7,61,0,1,1,YES,YES
NJ,8/1/2019,2019,8,73,0,1,1,YES,YES
NJ,9/1/2019,2019,9,91,0,1,1,YES,YES
NJ,10/1/2019,2019,10,81,0,1,1,YES,YES
NJ,11/1/2019,2019,11,73,0,1,1,YES,YES
NJ,12/1/2019,2019,12,70,0,1,1,YES,YES
NJ,1/1/2020,2020,1,65,0,1,1,YES,YES
NJ,2/1/2020,2020,2,51,0,1,1,YES,YES
NJ,3/1/2020,2020,3,35,0,1,1,YES,YES
NJ,4/1/2020,2020,4,26,0,1,1,YES,YES
NJ,5/1/2020,2020,5,22,0,1,1,YES,YES
NJ,6/1/2020,2020,6,21,0,1,1,YES,YES
NJ,7/1/2020,2020,7,32,0,1,1,YES,YES
NJ,8/1/2020,2020,8,52,0,1,1,YES,YES
NJ,9/1/2020,2020,9,68,0,1,1,YES,YES
NJ,10/1/2020,2020,10,66,0,1,1,YES,YES
NJ,11/1/2020,2020,11,53,0,1,1,YES,YES
NJ,12/1/2020,2020,12,58,0,1,1,YES,YES
NJ,1/1/2021,2021,1,59,0,1,1,YES,YES
NJ,2/1/2021,2021,2,47,0,1,1,YES,YES
NJ,3/1/2021,2021,3,52,0,1,1,YES,YES
NJ,4/1/2021,2021,4,49,0,1,1,YES,YES
NJ,5/1/2021,2021,5,53,0,1,1,YES,YES
NJ,6/1/2021,2021,6,57,0,1,1,YES,YES
NJ,7/1/2021,2021,7,52,0,1,1,YES,YES
NJ,8/1/2021,2021,8,53,0,1,1,YES,YES
NJ,9/1/2021,2021,9,73,0,1,1,YES,YES
NJ,10/1/2021,2021,10,76,0,1,1,YES,YES
NJ,11/1/2021,2021,11,66,0,1,1,YES,YES
NJ,12/1/2021,2021,12,65,0,1,1,YES,YES
NJ,1/1/2022,2022,1,61,0,1,1,YES,YES
NJ,2/1/2022,2022,2,46,0,1,1,YES,YES
NJ,3/1/2022,2022,3,55,0,1,1,YES,YES
NJ,4/1/2022,2022,4,58,0,1,1,YES,YES
NJ,5/1/2022,2022,5,57,0,1,1,YES,YES
NJ,6/1/2022,2022,6,52,0,1,1,YES,YES
NJ,7/1/2022,2022,7,50,0,1,1,YES,YES
NJ,8/1/2022,2022,8,60,0,1,1,YES,YES
NJ,9/1/2022,2022,9,77,0,1,1,YES,YES
NJ,10/1/2022,2022,10,79,0,1,1,YES,YES
NJ,11/1/2022,2022,11,66,0,1,1,YES,YES
NJ,12/1/2022,2022,12,60,0,1,1,YES,YES
NJ,1/1/2023,2023,1,57,0,1,1,YES,YES
NJ,2/1/2023,2023,2,44,0,1,1,YES,YES
NJ,3/1/2023,2023,3,59,0,1,1,YES,YES
NJ,4/1/2023,2023,4,64,0,1,1,YES,YES
NJ,5/1/2023,2023,5,56,0,1,1,YES,YES
NJ,6/1/2023,2023,6,45,0,1,1,YES,YES
NJ,7/1/2023,2023,7,48,0,1,1,YES,YES
NJ,8/1/2023,2023,8,57,0,1,1,YES,YES
NJ,9/1/2023,2023,9,78,0,1,1,YES,YES
NJ,10/1/2023,2023,10,70,0,1,1,YES,YES
NJ,11/1/2023,2023,11,66,0,1,1,YES,YES
NJ,12/1/2023,2023,12,64,0,1,1,YES,YES
NJ,1/1/2024,2024,1,57,0,1,1,YES,YES
NJ,2/1/2024,2024,2,40,0,1,1,YES,YES
NJ,3/1/2024,2024,3,50,0,1,1,YES,YES
NJ,4/1/2024,2024,4,53,0,1,1,YES,YES
NJ,5/1/2024,2024,5,49,0,1,1,YES,YES
NJ,6/1/2024,2024,6,47,0,1,1,YES,YES
NJ,7/1/2024,2024,7,42,0,1,1,YES,YES
NJ,8/1/2024,2024,8,52,0,1,1,YES,YES
NJ,9/1/2024,2024,9,71,0,1,1,YES,YES
NJ,10/1/2024,2024,10,65,0,1,1,YES,YES
NJ,11/1/2024,2024,11,49,0,1,1,YES,YES
NJ,12/1/2024,2024,12,49,0,1,1,YES,YES
NJ,1/1/2025,2025,1,45,0,1,1,YES,YES
NJ,2/1/2025,2025,2,37,0,1,1,YES,YES
NJ,3/1/2025,2025,3,48,0,1,1,YES,YES
NJ,4/1/2025,2025,4,45,0,1,1,YES,YES
NJ,5/1/2025,2025,5,42,0,1,1,YES,YES
NJ,6/1/2025,2025,6,38,0,1,1,YES,YES
NJ,7/1/2025,2025,7,37,0,1,1,YES,YES
NJ,8/1/2025,2025,8,56,0,1,1,YES,YES
NJ,9/1/2025,2025,9,65,0,1,1,YES,YES
NJ,10/1/2025,2025,10,59,0,1,1,YES,YES
NJ,11/1/2025,2025,11,64,0,1,1,YES,YES
NM,1/1/2017,2017,1,70,1,0,1,NO,YES
NM,2/1/2017,2017,2,51,1,0,1,NO,YES
NM,3/1/2017,2017,3,76,1,0,1,NO,YES
NM,4/1/2017,2017,4,68,1,0,1,NO,YES
NM,5/1/2017,2017,5,58,1,0,1,NO,YES
NM,6/1/2017,2017,6,56,1,0,1,NO,YES
NM,7/1/2017,2017,7,52,1,0,1,NO,YES
NM,8/1/2017,2017,8,64,1,0,1,NO,YES
NM,9/1/2017,2017,9,100,1,0,1,NO,YES
NM,10/1/2017,2017,10,95,1,0,1,NO,YES
NM,11/1/2017,2017,11,80,1,0,1,NO,YES
NM,12/1/2017,2017,12,80,1,0,1,NO,YES
NM,1/1/2018,2018,1,70,1,0,1,NO,YES
NM,2/1/2018,2018,2,53,1,0,1,NO,YES
NM,3/1/2018,2018,3,77,1,0,1,NO,YES
NM,4/1/2018,2018,4,70,1,0,1,NO,YES
NM,5/1/2018,2018,5,63,1,0,1,NO,YES
NM,6/1/2018,2018,6,62,1,0,1,NO,YES
NM,7/1/2018,2018,7,57,1,0,1,NO,YES
NM,8/1/2018,2018,8,63,1,0,1,NO,YES
NM,9/1/2018,2018,9,92,1,0,1,NO,YES
NM,10/1/2018,2018,10,87,1,0,1,NO,YES
NM,11/1/2018,2018,11,77,0,1,1,NO,YES
NM,12/1/2018,2018,12,84,0,1,1,NO,YES
NM,1/1/2019,2019,1,66,0,1,1,NO,YES
NM,2/1/2019,2019,2,53,0,1,1,NO,YES
NM,3/1/2019,2019,3,73,0,1,1,NO,YES
NM,4/1/2019,2019,4,62,0,1,1,NO,YES
NM,5/1/2019,2019,5,62,0,1,1,NO,YES
NM,6/1/2019,2019,6,64,0,1,1,NO,YES
NM,7/1/2019,2019,7,63,0,1,1,NO,YES
NM,8/1/2019,2019,8,64,0,1,1,NO,YES
NM,9/1/2019,2019,9,92,0,1,1,NO,YES
NM,10/1/2019,2019,10,83,0,1,1,NO,YES
NM,11/1/2019,2019,11,83,0,1,1,NO,YES
NM,12/1/2019,2019,12,81,0,1,1,NO,YES
NM,1/1/2020,2020,1,69,0,1,1,NO,YES
NM,2/1/2020,2020,2,50,0,1,1,NO,YES
NM,3/1/2020,2020,3,37,0,1,1,NO,YES
NM,4/1/2020,2020,4,25,0,1,1,NO,YES
NM,5/1/2020,2020,5,24,0,1,1,NO,YES
NM,6/1/2020,2020,6,20,0,1,1,NO,YES
NM,7/1/2020,2020,7,30,0,1,1,NO,YES
NM,8/1/2020,2020,8,43,0,1,1,NO,YES
NM,9/1/2020,2020,9,65,0,1,1,NO,YES
NM,10/1/2020,2020,10,74,0,1,1,NO,YES
NM,11/1/2020,2020,11,53,0,1,1,NO,YES
NM,12/1/2020,2020,12,57,0,1,1,NO,YES
NM,1/1/2021,2021,1,56,0,1,1,NO,YES
NM,2/1/2021,2021,2,38,0,1,1,NO,YES
NM,3/1/2021,2021,3,51,0,1,1,NO,YES
NM,4/1/2021,2021,4,44,0,1,1,NO,YES
NM,5/1/2021,2021,5,47,0,1,1,NO,YES
NM,6/1/2021,2021,6,53,0,1,1,NO,YES
NM,7/1/2021,2021,7,50,0,1,1,NO,YES
NM,8/1/2021,2021,8,47,0,1,1,NO,YES
NM,9/1/2021,2021,9,72,0,1,1,NO,YES
NM,10/1/2021,2021,10,76,0,1,1,NO,YES
NM,11/1/2021,2021,11,68,0,1,1,NO,YES
NM,12/1/2021,2021,12,67,0,1,1,NO,YES
NM,1/1/2022,2022,1,60,0,1,1,NO,YES
NM,2/1/2022,2022,2,40,0,1,1,NO,YES
NM,3/1/2022,2022,3,55,0,1,1,NO,YES
NM,4/1/2022,2022,4,47,0,1,1,NO,YES
NM,5/1/2022,2022,5,47,0,1,1,NO,YES
NM,6/1/2022,2022,6,42,0,1,1,NO,YES
NM,7/1/2022,2022,7,38,0,1,1,NO,YES
NM,8/1/2022,2022,8,45,0,1,1,NO,YES
NM,9/1/2022,2022,9,66,0,1,1,NO,YES
NM,10/1/2022,2022,10,71,0,1,1,NO,YES
NM,11/1/2022,2022,11,65,0,1,1,NO,YES
NM,12/1/2022,2022,12,60,0,1,1,NO,YES
NM,1/1/2023,2023,1,59,0,1,1,NO,YES
NM,2/1/2023,2023,2,40,0,1,1,NO,YES
NM,3/1/2023,2023,3,54,0,1,1,NO,YES
NM,4/1/2023,2023,4,53,0,1,1,NO,YES
NM,5/1/2023,2023,5,50,0,1,1,NO,YES
NM,6/1/2023,2023,6,43,0,1,1,NO,YES
NM,7/1/2023,2023,7,43,0,1,1,NO,YES
NM,8/1/2023,2023,8,49,0,1,1,NO,YES
NM,9/1/2023,2023,9,70,0,1,1,NO,YES
NM,10/1/2023,2023,10,70,0,1,1,NO,YES
NM,11/1/2023,2023,11,61,0,1,1,NO,YES
NM,12/1/2023,2023,12,67,0,1,1,NO,YES
NM,1/1/2024,2024,1,63,0,1,1,NO,YES
NM,2/1/2024,2024,2,32,0,1,1,NO,YES
NM,3/1/2024,2024,3,52,0,1,1,NO,YES
NM,4/1/2024,2024,4,47,0,1,1,NO,YES
NM,5/1/2024,2024,5,39,0,1,1,NO,YES
NM,6/1/2024,2024,6,34,0,1,1,NO,YES
NM,7/1/2024,2024,7,30,0,1,1,NO,YES
NM,8/1/2024,2024,8,41,0,1,1,NO,YES
NM,9/1/2024,2024,9,66,0,1,1,NO,YES
NM,10/1/2024,2024,10,57,0,1,1,NO,YES
NM,11/1/2024,2024,11,49,0,1,1,NO,YES
NM,12/1/2024,2024,12,48,0,1,1,NO,YES
NM,1/1/2025,2025,1,43,0,1,1,NO,YES
NM,2/1/2025,2025,2,30,0,1,1,NO,YES
NM,3/1/2025,2025,3,44,0,1,1,NO,YES
NM,4/1/2025,2025,4,35,0,1,1,NO,YES
NM,5/1/2025,2025,5,36,0,1,1,NO,YES
NM,6/1/2025,2025,6,31,0,1,1,NO,YES
NM,7/1/2025,2025,7,25,0,1,1,NO,YES
NM,8/1/2025,2025,8,42,0,1,1,NO,YES
NM,9/1/2025,2025,9,58,0,1,1,NO,YES
NM,10/1/2025,2025,10,50,0,1,1,NO,YES
NM,11/1/2025,2025,11,65,0,1,1,NO,YES
NV,1/1/2017,2017,1,75,0,1,1,YES,YES
NV,2/1/2017,2017,2,59,0,1,1,YES,YES
NV,3/1/2017,2017,3,78,0,1,1,YES,YES
NV,4/1/2017,2017,4,81,0,1,1,YES,YES
NV,5/1/2017,2017,5,65,0,1,1,YES,YES
NV,6/1/2017,2017,6,66,0,1,1,YES,YES
NV,7/1/2017,2017,7,68,0,1,1,YES,YES
NV,8/1/2017,2017,8,70,0,1,1,YES,YES
NV,9/1/2017,2017,9,100,0,1,1,YES,YES
NV,10/1/2017,2017,10,98,0,1,1,YES,YES
NV,11/1/2017,2017,11,90,0,1,1,YES,YES
NV,12/1/2017,2017,12,84,0,1,1,YES,YES
NV,1/1/2018,2018,1,70,0,1,1,YES,YES
NV,2/1/2018,2018,2,58,0,1,1,YES,YES
NV,3/1/2018,2018,3,75,0,1,1,YES,YES
NV,4/1/2018,2018,4,73,0,1,1,YES,YES
NV,5/1/2018,2018,5,75,0,1,1,YES,YES
NV,6/1/2018,2018,6,69,0,1,1,YES,YES
NV,7/1/2018,2018,7,63,0,1,1,YES,YES
NV,8/1/2018,2018,8,64,0,1,1,YES,YES
NV,9/1/2018,2018,9,98,0,1,1,YES,YES
NV,10/1/2018,2018,10,94,0,1,1,YES,YES
NV,11/1/2018,2018,11,87,0,1,1,YES,YES
NV,12/1/2018,2018,12,88,0,1,1,YES,YES
NV,1/1/2019,2019,1,79,0,1,1,YES,YES
NV,2/1/2019,2019,2,62,0,1,1,YES,YES
NV,3/1/2019,2019,3,78,0,1,1,YES,YES
NV,4/1/2019,2019,4,75,0,1,1,YES,YES
NV,5/1/2019,2019,5,69,0,1,1,YES,YES
NV,6/1/2019,2019,6,69,0,1,1,YES,YES
NV,7/1/2019,2019,7,61,0,1,1,YES,YES
NV,8/1/2019,2019,8,69,0,1,1,YES,YES
NV,9/1/2019,2019,9,97,0,1,1,YES,YES
NV,10/1/2019,2019,10,90,0,1,1,YES,YES
NV,11/1/2019,2019,11,89,0,1,1,YES,YES
NV,12/1/2019,2019,12,82,0,1,1,YES,YES
NV,1/1/2020,2020,1,69,0,1,1,YES,YES
NV,2/1/2020,2020,2,59,0,1,1,YES,YES
NV,3/1/2020,2020,3,36,0,1,1,YES,YES
NV,4/1/2020,2020,4,22,0,1,1,YES,YES
NV,5/1/2020,2020,5,19,0,1,1,YES,YES
NV,6/1/2020,2020,6,22,0,1,1,YES,YES
NV,7/1/2020,2020,7,32,0,1,1,YES,YES
NV,8/1/2020,2020,8,58,0,1,1,YES,YES
NV,9/1/2020,2020,9,69,0,1,1,YES,YES
NV,10/1/2020,2020,10,73,0,1,1,YES,YES
NV,11/1/2020,2020,11,60,0,1,1,YES,YES
NV,12/1/2020,2020,12,65,0,1,1,YES,YES
NV,1/1/2021,2021,1,65,0,1,1,YES,YES
NV,2/1/2021,2021,2,45,0,1,1,YES,YES
NV,3/1/2021,2021,3,56,0,1,1,YES,YES
NV,4/1/2021,2021,4,52,0,1,1,YES,YES
NV,5/1/2021,2021,5,53,0,1,1,YES,YES
NV,6/1/2021,2021,6,62,0,1,1,YES,YES
NV,7/1/2021,2021,7,44,0,1,1,YES,YES
NV,8/1/2021,2021,8,50,0,1,1,YES,YES
NV,9/1/2021,2021,9,72,0,1,1,YES,YES
NV,10/1/2021,2021,10,78,0,1,1,YES,YES
NV,11/1/2021,2021,11,75,0,1,1,YES,YES
NV,12/1/2021,2021,12,72,0,1,1,YES,YES
NV,1/1/2022,2022,1,62,0,1,1,YES,YES
NV,2/1/2022,2022,2,39,0,1,1,YES,YES
NV,3/1/2022,2022,3,55,0,1,1,YES,YES
NV,4/1/2022,2022,4,53,0,1,1,YES,YES
NV,5/1/2022,2022,5,52,0,1,1,YES,YES
NV,6/1/2022,2022,6,47,0,1,1,YES,YES
NV,7/1/2022,2022,7,41,0,1,1,YES,YES
NV,8/1/2022,2022,8,49,0,1,1,YES,YES
NV,9/1/2022,2022,9,72,0,1,1,YES,YES
NV,10/1/2022,2022,10,79,0,1,1,YES,YES
NV,11/1/2022,2022,11,63,0,1,1,YES,YES
NV,12/1/2022,2022,12,65,0,1,1,YES,YES
NV,1/1/2023,2023,1,60,0,1,1,YES,YES
NV,2/1/2023,2023,2,47,0,1,1,YES,YES
NV,3/1/2023,2023,3,61,0,1,1,YES,YES
NV,4/1/2023,2023,4,65,0,1,1,YES,YES
NV,5/1/2023,2023,5,61,0,1,1,YES,YES
NV,6/1/2023,2023,6,53,0,1,1,YES,YES
NV,7/1/2023,2023,7,47,0,1,1,YES,YES
NV,8/1/2023,2023,8,53,0,1,1,YES,YES
NV,9/1/2023,2023,9,80,0,1,1,YES,YES
NV,10/1/2023,2023,10,76,0,1,1,YES,YES
NV,11/1/2023,2023,11,75,0,1,1,YES,YES
NV,12/1/2023,2023,12,72,0,1,1,YES,YES
NV,1/1/2024,2024,1,62,0,1,1,YES,YES
NV,2/1/2024,2024,2,38,0,1,1,YES,YES
NV,3/1/2024,2024,3,53,0,1,1,YES,YES
NV,4/1/2024,2024,4,48,0,1,1,YES,YES
NV,5/1/2024,2024,5,41,0,1,1,YES,YES
NV,6/1/2024,2024,6,39,0,1,1,YES,YES
NV,7/1/2024,2024,7,34,0,1,1,YES,YES
NV,8/1/2024,2024,8,43,0,1,1,YES,YES
NV,9/1/2024,2024,9,62,0,1,1,YES,YES
NV,10/1/2024,2024,10,56,0,1,1,YES,YES
NV,11/1/2024,2024,11,48,0,1,1,YES,YES
NV,12/1/2024,2024,12,46,0,1,1,YES,YES
NV,1/1/2025,2025,1,42,0,1,1,YES,YES
NV,2/1/2025,2025,2,33,0,1,1,YES,YES
NV,3/1/2025,2025,3,40,0,1,1,YES,YES
NV,4/1/2025,2025,4,41,0,1,1,YES,YES
NV,5/1/2025,2025,5,39,0,1,1,YES,YES
NV,6/1/2025,2025,6,33,0,1,1,YES,YES
NV,7/1/2025,2025,7,30,0,1,1,YES,YES
NV,8/1/2025,2025,8,45,0,1,1,YES,YES
NV,9/1/2025,2025,9,58,0,1,1,YES,YES
NV,10/1/2025,2025,10,55,0,1,1,YES,YES
NV,11/1/2025,2025,11,60,0,1,1,YES,YES
NY,1/1/2017,2017,1,71,1,0,1,YES,YES
NY,2/1/2017,2017,2,64,1,0,1,YES,YES
NY,3/1/2017,2017,3,87,1,0,1,YES,YES
NY,4/1/2017,2017,4,90,1,0,1,YES,YES
NY,5/1/2017,2017,5,70,1,0,1,YES,YES
NY,6/1/2017,2017,6,71,1,0,1,YES,YES
NY,7/1/2017,2017,7,72,1,0,1,YES,YES
NY,8/1/2017,2017,8,80,1,0,1,YES,YES
NY,9/1/2017,2017,9,100,1,0,1,YES,YES
NY,10/1/2017,2017,10,99,1,0,1,YES,YES
NY,11/1/2017,2017,11,85,1,0,1,YES,YES
NY,12/1/2017,2017,12,80,1,0,1,YES,YES
NY,1/1/2018,2018,1,70,1,0,1,YES,YES
NY,2/1/2018,2018,2,62,1,0,1,YES,YES
NY,3/1/2018,2018,3,82,1,0,1,YES,YES
NY,4/1/2018,2018,4,85,1,0,1,YES,YES
NY,5/1/2018,2018,5,75,1,0,1,YES,YES
NY,6/1/2018,2018,6,71,1,0,1,YES,YES
NY,7/1/2018,2018,7,69,1,0,1,YES,YES
NY,8/1/2018,2018,8,72,1,0,1,YES,YES
NY,9/1/2018,2018,9,98,1,0,1,YES,YES
NY,10/1/2018,2018,10,97,1,0,1,YES,YES
NY,11/1/2018,2018,11,78,1,0,1,YES,YES
NY,12/1/2018,2018,12,77,1,0,1,YES,YES
NY,1/1/2019,2019,1,64,1,0,1,YES,YES
NY,2/1/2019,2019,2,60,1,0,1,YES,YES
NY,3/1/2019,2019,3,76,1,0,1,YES,YES
NY,4/1/2019,2019,4,69,1,0,1,YES,YES
NY,5/1/2019,2019,5,68,1,0,1,YES,YES
NY,6/1/2019,2019,6,71,1,0,1,YES,YES
NY,7/1/2019,2019,7,65,1,0,1,YES,YES
NY,8/1/2019,2019,8,69,1,0,1,YES,YES
NY,9/1/2019,2019,9,87,1,0,1,YES,YES
NY,10/1/2019,2019,10,83,1,0,1,YES,YES
NY,11/1/2019,2019,11,73,1,0,1,YES,YES
NY,12/1/2019,2019,12,69,1,0,1,YES,YES
NY,1/1/2020,2020,1,66,1,0,1,YES,YES
NY,2/1/2020,2020,2,49,1,0,1,YES,YES
NY,3/1/2020,2020,3,35,1,0,1,YES,YES
NY,4/1/2020,2020,4,26,1,0,1,YES,YES
NY,5/1/2020,2020,5,23,1,0,1,YES,YES
NY,6/1/2020,2020,6,20,1,0,1,YES,YES
NY,7/1/2020,2020,7,31,1,0,1,YES,YES
NY,8/1/2020,2020,8,49,1,0,1,YES,YES
NY,9/1/2020,2020,9,66,1,0,1,YES,YES
NY,10/1/2020,2020,10,59,1,0,1,YES,YES
NY,11/1/2020,2020,11,50,1,0,1,YES,YES
NY,12/1/2020,2020,12,56,1,0,1,YES,YES
NY,1/1/2021,2021,1,55,1,0,1,YES,YES
NY,2/1/2021,2021,2,43,1,0,1,YES,YES
NY,3/1/2021,2021,3,51,1,0,1,YES,YES
NY,4/1/2021,2021,4,49,1,0,1,YES,YES
NY,5/1/2021,2021,5,50,1,0,1,YES,YES
NY,6/1/2021,2021,6,52,1,0,1,YES,YES
NY,7/1/2021,2021,7,47,1,0,1,YES,YES
NY,8/1/2021,2021,8,47,1,0,1,YES,YES
NY,9/1/2021,2021,9,61,1,0,1,YES,YES
NY,10/1/2021,2021,10,65,1,0,1,YES,YES
NY,11/1/2021,2021,11,60,1,0,1,YES,YES
NY,12/1/2021,2021,12,57,1,0,1,YES,YES
NY,1/1/2022,2022,1,60,1,0,1,YES,YES
NY,2/1/2022,2022,2,48,0,1,1,YES,YES
NY,3/1/2022,2022,3,58,0,1,1,YES,YES
NY,4/1/2022,2022,4,58,0,1,1,YES,YES
NY,5/1/2022,2022,5,55,0,1,1,YES,YES
NY,6/1/2022,2022,6,50,0,1,1,YES,YES
NY,7/1/2022,2022,7,49,0,1,1,YES,YES
NY,8/1/2022,2022,8,51,0,1,1,YES,YES
NY,9/1/2022,2022,9,73,0,1,1,YES,YES
NY,10/1/2022,2022,10,75,0,1,1,YES,YES
NY,11/1/2022,2022,11,60,0,1,1,YES,YES
NY,12/1/2022,2022,12,55,0,1,1,YES,YES
NY,1/1/2023,2023,1,54,0,1,1,YES,YES
NY,2/1/2023,2023,2,46,0,1,1,YES,YES
NY,3/1/2023,2023,3,58,0,1,1,YES,YES
NY,4/1/2023,2023,4,61,0,1,1,YES,YES
NY,5/1/2023,2023,5,52,0,1,1,YES,YES
NY,6/1/2023,2023,6,43,0,1,1,YES,YES
NY,7/1/2023,2023,7,42,0,1,1,YES,YES
NY,8/1/2023,2023,8,48,0,1,1,YES,YES
NY,9/1/2023,2023,9,69,0,1,1,YES,YES
NY,10/1/2023,2023,10,56,0,1,1,YES,YES
NY,11/1/2023,2023,11,56,0,1,1,YES,YES
NY,12/1/2023,2023,12,50,0,1,1,YES,YES
NY,1/1/2024,2024,1,48,0,1,1,YES,YES
NY,2/1/2024,2024,2,38,0,1,1,YES,YES
NY,3/1/2024,2024,3,54,0,1,1,YES,YES
NY,4/1/2024,2024,4,54,0,1,1,YES,YES
NY,5/1/2024,2024,5,52,0,1,1,YES,YES
NY,6/1/2024,2024,6,40,0,1,1,YES,YES
NY,7/1/2024,2024,7,38,0,1,1,YES,YES
NY,8/1/2024,2024,8,48,0,1,1,YES,YES
NY,9/1/2024,2024,9,69,0,1,1,YES,YES
NY,10/1/2024,2024,10,60,0,1,1,YES,YES
NY,11/1/2024,2024,11,47,0,1,1,YES,YES
NY,12/1/2024,2024,12,49,0,1,1,YES,YES
NY,1/1/2025,2025,1,44,0,1,1,YES,YES
NY,2/1/2025,2025,2,36,0,1,1,YES,YES
NY,3/1/2025,2025,3,45,0,1,1,YES,YES
NY,4/1/2025,2025,4,46,0,1,1,YES,YES
NY,5/1/2025,2025,5,44,0,1,1,YES,YES
NY,6/1/2025,2025,6,34,0,1,1,YES,YES
NY,7/1/2025,2025,7,34,0,1,1,YES,YES
NY,8/1/2025,2025,8,51,0,1,1,YES,YES
NY,9/1/2025,2025,9,63,0,1,1,YES,YES
NY,10/1/2025,2025,10,55,0,1,1,YES,YES
NY,11/1/2025,2025,11,60,0,1,1,YES,YES
OH,1/1/2017,2017,1,63,1,0,1,YES,YES
OH,2/1/2017,2017,2,47,1,0,1,YES,YES
OH,3/1/2017,2017,3,73,1,0,1,YES,YES
OH,4/1/2017,2017,4,68,1,0,1,YES,YES
OH,5/1/2017,2017,5,55,1,0,1,YES,YES
OH,6/1/2017,2017,6,53,1,0,1,YES,YES
OH,7/1/2017,2017,7,51,1,0,1,YES,YES
OH,8/1/2017,2017,8,66,1,0,1,YES,YES
OH,9/1/2017,2017,9,100,1,0,1,YES,YES
OH,10/1/2017,2017,10,86,1,0,1,YES,YES
OH,11/1/2017,2017,11,75,1,0,1,YES,YES
OH,12/1/2017,2017,12,76,1,0,1,YES,YES
OH,1/1/2018,2018,1,60,1,0,1,YES,YES
OH,2/1/2018,2018,2,55,1,0,1,YES,YES
OH,3/1/2018,2018,3,75,1,0,1,YES,YES
OH,4/1/2018,2018,4,63,1,0,1,YES,YES
OH,5/1/2018,2018,5,57,1,0,1,YES,YES
OH,6/1/2018,2018,6,50,1,0,1,YES,YES
OH,7/1/2018,2018,7,48,1,0,1,YES,YES
OH,8/1/2018,2018,8,57,1,0,1,YES,YES
OH,9/1/2018,2018,9,93,1,0,1,YES,YES
OH,10/1/2018,2018,10,82,1,0,1,YES,YES
OH,11/1/2018,2018,11,78,1,0,1,YES,YES
OH,12/1/2018,2018,12,75,1,0,1,YES,YES
OH,1/1/2019,2019,1,56,1,0,1,YES,YES
OH,2/1/2019,2019,2,46,1,0,1,YES,YES
OH,3/1/2019,2019,3,72,1,0,1,YES,YES
OH,4/1/2019,2019,4,54,1,0,1,YES,YES
OH,5/1/2019,2019,5,48,1,0,1,YES,YES
OH,6/1/2019,2019,6,52,1,0,1,YES,YES
OH,7/1/2019,2019,7,47,1,0,1,YES,YES
OH,8/1/2019,2019,8,56,1,0,1,YES,YES
OH,9/1/2019,2019,9,85,1,0,1,YES,YES
OH,10/1/2019,2019,10,72,1,0,1,YES,YES
OH,11/1/2019,2019,11,78,1,0,1,YES,YES
OH,12/1/2019,2019,12,71,1,0,1,YES,YES
OH,1/1/2020,2020,1,54,1,0,1,YES,YES
OH,2/1/2020,2020,2,39,1,0,1,YES,YES
OH,3/1/2020,2020,3,30,1,0,1,YES,YES
OH,4/1/2020,2020,4,24,1,0,1,YES,YES
OH,5/1/2020,2020,5,19,1,0,1,YES,YES
OH,6/1/2020,2020,6,18,1,0,1,YES,YES
OH,7/1/2020,2020,7,24,1,0,1,YES,YES
OH,8/1/2020,2020,8,38,1,0,1,YES,YES
OH,9/1/2020,2020,9,56,1,0,1,YES,YES
OH,10/1/2020,2020,10,55,1,0,1,YES,YES
OH,11/1/2020,2020,11,49,1,0,1,YES,YES
OH,12/1/2020,2020,12,56,1,0,1,YES,YES
OH,1/1/2021,2021,1,54,1,0,1,YES,YES
OH,2/1/2021,2021,2,33,1,0,1,YES,YES
OH,3/1/2021,2021,3,45,1,0,1,YES,YES
OH,4/1/2021,2021,4,37,1,0,1,YES,YES
OH,5/1/2021,2021,5,35,1,0,1,YES,YES
OH,6/1/2021,2021,6,38,1,0,1,YES,YES
OH,7/1/2021,2021,7,37,1,0,1,YES,YES
OH,8/1/2021,2021,8,40,1,0,1,YES,YES
OH,9/1/2021,2021,9,61,1,0,1,YES,YES
OH,10/1/2021,2021,10,66,1,0,1,YES,YES
OH,11/1/2021,2021,11,68,1,0,1,YES,YES
OH,12/1/2021,2021,12,64,1,0,1,YES,YES
OH,1/1/2022,2022,1,53,1,0,1,YES,YES
OH,2/1/2022,2022,2,33,1,0,1,YES,YES
OH,3/1/2022,2022,3,50,1,0,1,YES,YES
OH,4/1/2022,2022,4,42,1,0,1,YES,YES
OH,5/1/2022,2022,5,34,1,0,1,YES,YES
OH,6/1/2022,2022,6,34,1,0,1,YES,YES
OH,7/1/2022,2022,7,31,1,0,1,YES,YES
OH,8/1/2022,2022,8,42,1,0,1,YES,YES
OH,9/1/2022,2022,9,66,1,0,1,YES,YES
OH,10/1/2022,2022,10,66,1,0,1,YES,YES
OH,11/1/2022,2022,11,56,1,0,1,YES,YES
OH,12/1/2022,2022,12,54,1,0,1,YES,YES
OH,1/1/2023,2023,1,55,0,0,0,YES,YES
OH,2/1/2023,2023,2,39,0,1,1,YES,YES
OH,3/1/2023,2023,3,53,0,1,1,YES,YES
OH,4/1/2023,2023,4,46,0,1,1,YES,YES
OH,5/1/2023,2023,5,39,0,1,1,YES,YES
OH,6/1/2023,2023,6,36,0,1,1,YES,YES
OH,7/1/2023,2023,7,36,0,1,1,YES,YES
OH,8/1/2023,2023,8,43,0,1,1,YES,YES
OH,9/1/2023,2023,9,77,0,1,1,YES,YES
OH,10/1/2023,2023,10,63,0,1,1,YES,YES
OH,11/1/2023,2023,11,69,0,1,1,YES,YES
OH,12/1/2023,2023,12,60,0,1,1,YES,YES
OH,1/1/2024,2024,1,54,0,1,1,YES,YES
OH,2/1/2024,2024,2,31,0,1,1,YES,YES
OH,3/1/2024,2024,3,50,0,1,1,YES,YES
OH,4/1/2024,2024,4,41,0,1,1,YES,YES
OH,5/1/2024,2024,5,36,0,1,1,YES,YES
OH,6/1/2024,2024,6,33,0,1,1,YES,YES
OH,7/1/2024,2024,7,30,0,1,1,YES,YES
OH,8/1/2024,2024,8,41,0,1,1,YES,YES
OH,9/1/2024,2024,9,58,0,1,1,YES,YES
OH,10/1/2024,2024,10,52,0,1,1,YES,YES
OH,11/1/2024,2024,11,46,0,1,1,YES,YES
OH,12/1/2024,2024,12,46,0,1,1,YES,YES
OH,1/1/2025,2025,1,45,0,1,1,YES,YES
OH,2/1/2025,2025,2,27,0,1,1,YES,YES
OH,3/1/2025,2025,3,41,0,1,1,YES,YES
OH,4/1/2025,2025,4,36,0,1,1,YES,YES
OH,5/1/2025,2025,5,30,0,1,1,YES,YES
OH,6/1/2025,2025,6,26,0,1,1,YES,YES
OH,7/1/2025,2025,7,25,0,1,1,YES,YES
OH,8/1/2025,2025,8,44,0,1,1,YES,YES
OH,9/1/2025,2025,9,57,0,1,1,YES,YES
OH,10/1/2025,2025,10,49,0,1,1,YES,YES
OH,11/1/2025,2025,11,62,0,1,1,YES,YES
OK,1/1/2017,2017,1,61,0,0,0,NO,NO
OK,2/1/2017,2017,2,45,0,0,0,NO,NO
OK,3/1/2017,2017,3,62,0,0,0,NO,NO
OK,4/1/2017,2017,4,64,0,0,0,NO,NO
OK,5/1/2017,2017,5,40,0,0,0,NO,NO
OK,6/1/2017,2017,6,47,0,0,0,NO,NO
OK,7/1/2017,2017,7,45,0,0,0,NO,NO
OK,8/1/2017,2017,8,49,0,0,0,NO,NO
OK,9/1/2017,2017,9,98,0,0,0,NO,NO
OK,10/1/2017,2017,10,89,0,0,0,NO,NO
OK,11/1/2017,2017,11,94,0,0,0,NO,NO
OK,12/1/2017,2017,12,84,0,0,0,NO,NO
OK,1/1/2018,2018,1,62,0,0,0,NO,NO
OK,2/1/2018,2018,2,43,0,0,0,NO,NO
OK,3/1/2018,2018,3,63,0,0,0,NO,NO
OK,4/1/2018,2018,4,53,0,0,0,NO,NO
OK,5/1/2018,2018,5,45,0,0,0,NO,NO
OK,6/1/2018,2018,6,43,0,0,0,NO,NO
OK,7/1/2018,2018,7,39,0,0,0,NO,NO
OK,8/1/2018,2018,8,43,0,0,0,NO,NO
OK,9/1/2018,2018,9,93,0,0,0,NO,NO
OK,10/1/2018,2018,10,82,0,0,0,NO,NO
OK,11/1/2018,2018,11,86,0,0,0,NO,NO
OK,12/1/2018,2018,12,88,0,0,0,NO,NO
OK,1/1/2019,2019,1,61,0,0,0,NO,NO
OK,2/1/2019,2019,2,42,0,0,0,NO,NO
OK,3/1/2019,2019,3,61,0,0,0,NO,NO
OK,4/1/2019,2019,4,52,0,0,0,NO,NO
OK,5/1/2019,2019,5,43,0,0,0,NO,NO
OK,6/1/2019,2019,6,51,0,0,0,NO,NO
OK,7/1/2019,2019,7,48,0,0,0,NO,NO
OK,8/1/2019,2019,8,52,0,0,0,NO,NO
OK,9/1/2019,2019,9,100,0,0,0,NO,NO
OK,10/1/2019,2019,10,78,0,0,0,NO,NO
OK,11/1/2019,2019,11,79,0,0,0,NO,NO
OK,12/1/2019,2019,12,78,0,0,0,NO,NO
OK,1/1/2020,2020,1,64,0,0,0,NO,NO
OK,2/1/2020,2020,2,37,0,0,0,NO,NO
OK,3/1/2020,2020,3,27,0,0,0,NO,NO
OK,4/1/2020,2020,4,22,0,0,0,NO,NO
OK,5/1/2020,2020,5,18,0,0,0,NO,NO
OK,6/1/2020,2020,6,17,0,0,0,NO,NO
OK,7/1/2020,2020,7,23,0,0,0,NO,NO
OK,8/1/2020,2020,8,32,0,0,0,NO,NO
OK,9/1/2020,2020,9,56,0,0,0,NO,NO
OK,10/1/2020,2020,10,61,0,0,0,NO,NO
OK,11/1/2020,2020,11,56,0,0,0,NO,NO
OK,12/1/2020,2020,12,59,0,0,0,NO,NO
OK,1/1/2021,2021,1,50,0,0,0,NO,NO
OK,2/1/2021,2021,2,34,0,0,0,NO,NO
OK,3/1/2021,2021,3,43,0,0,0,NO,NO
OK,4/1/2021,2021,4,34,0,0,0,NO,NO
OK,5/1/2021,2021,5,40,0,0,0,NO,NO
OK,6/1/2021,2021,6,49,0,0,0,NO,NO
OK,7/1/2021,2021,7,32,0,0,0,NO,NO
OK,8/1/2021,2021,8,37,0,0,0,NO,NO
OK,9/1/2021,2021,9,72,0,0,0,NO,NO
OK,10/1/2021,2021,10,75,0,0,0,NO,NO
OK,11/1/2021,2021,11,76,0,0,0,NO,NO
OK,12/1/2021,2021,12,67,0,0,0,NO,NO
OK,1/1/2022,2022,1,51,0,0,0,NO,NO
OK,2/1/2022,2022,2,30,0,0,0,NO,NO
OK,3/1/2022,2022,3,38,0,0,0,NO,NO
OK,4/1/2022,2022,4,32,0,0,0,NO,NO
OK,5/1/2022,2022,5,38,0,0,0,NO,NO
OK,6/1/2022,2022,6,44,0,0,0,NO,NO
OK,7/1/2022,2022,7,25,0,0,0,NO,NO
OK,8/1/2022,2022,8,34,0,0,0,NO,NO
OK,9/1/2022,2022,9,83,0,0,0,NO,NO
OK,10/1/2022,2022,10,68,0,0,0,NO,NO
OK,11/1/2022,2022,11,64,0,0,0,NO,NO
OK,12/1/2022,2022,12,55,0,0,0,NO,NO
OK,1/1/2023,2023,1,48,0,0,0,NO,NO
OK,2/1/2023,2023,2,33,0,0,0,NO,NO
OK,3/1/2023,2023,3,44,0,0,0,NO,NO
OK,4/1/2023,2023,4,40,0,0,0,NO,NO
OK,5/1/2023,2023,5,38,0,0,0,NO,NO
OK,6/1/2023,2023,6,35,0,0,0,NO,NO
OK,7/1/2023,2023,7,30,0,0,0,NO,NO
OK,8/1/2023,2023,8,34,0,0,0,NO,NO
OK,9/1/2023,2023,9,83,0,0,0,NO,NO
OK,10/1/2023,2023,10,70,0,0,0,NO,NO
OK,11/1/2023,2023,11,62,0,0,0,NO,NO
OK,12/1/2023,2023,12,61,0,0,0,NO,NO
OK,1/1/2024,2024,1,54,0,0,0,NO,NO
OK,2/1/2024,2024,2,32,0,0,0,NO,NO
OK,3/1/2024,2024,3,41,0,0,0,NO,NO
OK,4/1/2024,2024,4,36,0,0,0,NO,NO
OK,5/1/2024,2024,5,37,0,0,0,NO,NO
OK,6/1/2024,2024,6,33,0,0,0,NO,NO
OK,7/1/2024,2024,7,23,0,0,0,NO,NO
OK,8/1/2024,2024,8,37,0,0,0,NO,NO
OK,9/1/2024,2024,9,65,0,0,0,NO,NO
OK,10/1/2024,2024,10,48,0,0,0,NO,NO
OK,11/1/2024,2024,11,40,0,0,0,NO,NO
OK,12/1/2024,2024,12,40,0,0,0,NO,NO
OK,1/1/2025,2025,1,32,0,0,0,NO,NO
OK,2/1/2025,2025,2,30,0,0,0,NO,NO
OK,3/1/2025,2025,3,36,0,0,0,NO,NO
OK,4/1/2025,2025,4,31,0,0,0,NO,NO
OK,5/1/2025,2025,5,40,0,0,0,NO,NO
OK,6/1/2025,2025,6,33,0,0,0,NO,NO
OK,7/1/2025,2025,7,19,0,0,0,NO,NO
OK,8/1/2025,2025,8,40,0,0,0,NO,NO
OK,9/1/2025,2025,9,52,0,0,0,NO,NO
OK,10/1/2025,2025,10,47,0,0,0,NO,NO
OK,11/1/2025,2025,11,73,0,0,0,NO,NO
OR,1/1/2017,2017,1,63,1,0,1,YES,YES
OR,2/1/2017,2017,2,44,1,0,1,YES,YES
OR,3/1/2017,2017,3,80,1,0,1,YES,YES
OR,4/1/2017,2017,4,65,1,0,1,YES,YES
OR,5/1/2017,2017,5,53,1,0,1,YES,YES
OR,6/1/2017,2017,6,59,1,0,1,YES,YES
OR,7/1/2017,2017,7,49,1,0,1,YES,YES
OR,8/1/2017,2017,8,59,1,0,1,YES,YES
OR,9/1/2017,2017,9,89,1,0,1,YES,YES
OR,10/1/2017,2017,10,85,1,0,1,YES,YES
OR,11/1/2017,2017,11,73,1,0,1,YES,YES
OR,12/1/2017,2017,12,69,1,0,1,YES,YES
OR,1/1/2018,2018,1,61,1,0,1,YES,YES
OR,2/1/2018,2018,2,46,1,0,1,YES,YES
OR,3/1/2018,2018,3,69,1,0,1,YES,YES
OR,4/1/2018,2018,4,65,1,0,1,YES,YES
OR,5/1/2018,2018,5,56,1,0,1,YES,YES
OR,6/1/2018,2018,6,67,1,0,1,YES,YES
OR,7/1/2018,2018,7,49,1,0,1,YES,YES
OR,8/1/2018,2018,8,58,1,0,1,YES,YES
OR,9/1/2018,2018,9,100,1,0,1,YES,YES
OR,10/1/2018,2018,10,87,1,0,1,YES,YES
OR,11/1/2018,2018,11,84,1,0,1,YES,YES
OR,12/1/2018,2018,12,76,1,0,1,YES,YES
OR,1/1/2019,2019,1,64,1,0,1,YES,YES
OR,2/1/2019,2019,2,53,1,0,1,YES,YES
OR,3/1/2019,2019,3,77,1,0,1,YES,YES
OR,4/1/2019,2019,4,74,1,0,1,YES,YES
OR,5/1/2019,2019,5,69,1,0,1,YES,YES
OR,6/1/2019,2019,6,60,1,0,1,YES,YES
OR,7/1/2019,2019,7,51,1,0,1,YES,YES
OR,8/1/2019,2019,8,64,1,0,1,YES,YES
OR,9/1/2019,2019,9,91,0,1,1,YES,YES
OR,10/1/2019,2019,10,85,0,1,1,YES,YES
OR,11/1/2019,2019,11,90,0,1,1,YES,YES
OR,12/1/2019,2019,12,83,0,1,1,YES,YES
OR,1/1/2020,2020,1,73,0,1,1,YES,YES
OR,2/1/2020,2020,2,55,0,1,1,YES,YES
OR,3/1/2020,2020,3,33,0,1,1,YES,YES
OR,4/1/2020,2020,4,24,0,1,1,YES,YES
OR,5/1/2020,2020,5,21,0,1,1,YES,YES
OR,6/1/2020,2020,6,20,0,1,1,YES,YES
OR,7/1/2020,2020,7,28,0,1,1,YES,YES
OR,8/1/2020,2020,8,49,0,1,1,YES,YES
OR,9/1/2020,2020,9,61,0,1,1,YES,YES
OR,10/1/2020,2020,10,61,0,1,1,YES,YES
OR,11/1/2020,2020,11,59,0,1,1,YES,YES
OR,12/1/2020,2020,12,59,0,1,1,YES,YES
OR,1/1/2021,2021,1,57,0,1,1,YES,YES
OR,2/1/2021,2021,2,40,0,1,1,YES,YES
OR,3/1/2021,2021,3,58,0,1,1,YES,YES
OR,4/1/2021,2021,4,45,0,1,1,YES,YES
OR,5/1/2021,2021,5,51,0,1,1,YES,YES
OR,6/1/2021,2021,6,56,0,1,1,YES,YES
OR,7/1/2021,2021,7,44,0,1,1,YES,YES
OR,8/1/2021,2021,8,43,0,1,1,YES,YES
OR,9/1/2021,2021,9,72,0,1,1,YES,YES
OR,10/1/2021,2021,10,80,0,1,1,YES,YES
OR,11/1/2021,2021,11,79,0,1,1,YES,YES
OR,12/1/2021,2021,12,68,0,1,1,YES,YES
OR,1/1/2022,2022,1,60,0,1,1,YES,YES
OR,2/1/2022,2022,2,38,0,1,1,YES,YES
OR,3/1/2022,2022,3,53,0,1,1,YES,YES
OR,4/1/2022,2022,4,44,0,1,1,YES,YES
OR,5/1/2022,2022,5,44,0,1,1,YES,YES
OR,6/1/2022,2022,6,40,0,1,1,YES,YES
OR,7/1/2022,2022,7,36,0,1,1,YES,YES
OR,8/1/2022,2022,8,45,0,1,1,YES,YES
OR,9/1/2022,2022,9,69,0,1,1,YES,YES
OR,10/1/2022,2022,10,75,0,1,1,YES,YES
OR,11/1/2022,2022,11,68,0,1,1,YES,YES
OR,12/1/2022,2022,12,61,0,1,1,YES,YES
OR,1/1/2023,2023,1,56,0,1,1,YES,YES
OR,2/1/2023,2023,2,36,0,1,1,YES,YES
OR,3/1/2023,2023,3,54,0,1,1,YES,YES
OR,4/1/2023,2023,4,50,0,1,1,YES,YES
OR,5/1/2023,2023,5,47,0,1,1,YES,YES
OR,6/1/2023,2023,6,46,0,1,1,YES,YES
OR,7/1/2023,2023,7,37,0,1,1,YES,YES
OR,8/1/2023,2023,8,46,0,1,1,YES,YES
OR,9/1/2023,2023,9,75,0,1,1,YES,YES
OR,10/1/2023,2023,10,71,0,1,1,YES,YES
OR,11/1/2023,2023,11,69,0,1,1,YES,YES
OR,12/1/2023,2023,12,60,0,1,1,YES,YES
OR,1/1/2024,2024,1,56,0,1,1,YES,YES
OR,2/1/2024,2024,2,32,0,1,1,YES,YES
OR,3/1/2024,2024,3,52,0,1,1,YES,YES
OR,4/1/2024,2024,4,46,0,1,1,YES,YES
OR,5/1/2024,2024,5,35,0,1,1,YES,YES
OR,6/1/2024,2024,6,34,0,1,1,YES,YES
OR,7/1/2024,2024,7,26,0,1,1,YES,YES
OR,8/1/2024,2024,8,37,0,1,1,YES,YES
OR,9/1/2024,2024,9,64,0,1,1,YES,YES
OR,10/1/2024,2024,10,62,0,1,1,YES,YES
OR,11/1/2024,2024,11,50,0,1,1,YES,YES
OR,12/1/2024,2024,12,50,0,1,1,YES,YES
OR,1/1/2025,2025,1,43,0,1,1,YES,YES
OR,2/1/2025,2025,2,29,0,1,1,YES,YES
OR,3/1/2025,2025,3,40,0,1,1,YES,YES
OR,4/1/2025,2025,4,34,0,1,1,YES,YES
OR,5/1/2025,2025,5,32,0,1,1,YES,YES
OR,6/1/2025,2025,6,31,0,1,1,YES,YES
OR,7/1/2025,2025,7,30,0,1,1,YES,YES
OR,8/1/2025,2025,8,41,0,1,1,YES,YES
OR,9/1/2025,2025,9,62,0,1,1,YES,YES
OR,10/1/2025,2025,10,58,0,1,1,YES,YES
OR,11/1/2025,2025,11,64,0,1,1,YES,YES
PA,1/1/2017,2017,1,68,1,0,1,YES,YES
PA,2/1/2017,2017,2,50,1,0,1,YES,YES
PA,3/1/2017,2017,3,72,1,0,1,YES,YES
PA,4/1/2017,2017,4,69,1,0,1,YES,YES
PA,5/1/2017,2017,5,56,1,0,1,YES,YES
PA,6/1/2017,2017,6,54,1,0,1,YES,YES
PA,7/1/2017,2017,7,55,1,0,1,YES,YES
PA,8/1/2017,2017,8,70,1,0,1,YES,YES
PA,9/1/2017,2017,9,100,1,0,1,YES,YES
PA,10/1/2017,2017,10,97,1,0,1,YES,YES
PA,11/1/2017,2017,11,88,1,0,1,YES,YES
PA,12/1/2017,2017,12,83,1,0,1,YES,YES
PA,1/1/2018,2018,1,64,1,0,1,YES,YES
PA,2/1/2018,2018,2,54,1,0,1,YES,YES
PA,3/1/2018,2018,3,73,1,0,1,YES,YES
PA,4/1/2018,2018,4,74,1,0,1,YES,YES
PA,5/1/2018,2018,5,58,1,0,1,YES,YES
PA,6/1/2018,2018,6,55,1,0,1,YES,YES
PA,7/1/2018,2018,7,55,1,0,1,YES,YES
PA,8/1/2018,2018,8,66,1,0,1,YES,YES
PA,9/1/2018,2018,9,96,1,0,1,YES,YES
PA,10/1/2018,2018,10,90,1,0,1,YES,YES
PA,11/1/2018,2018,11,78,1,0,1,YES,YES
PA,12/1/2018,2018,12,78,0,1,1,YES,YES
PA,1/1/2019,2019,1,62,0,1,1,YES,YES
PA,2/1/2019,2019,2,53,0,1,1,YES,YES
PA,3/1/2019,2019,3,76,0,1,1,YES,YES
PA,4/1/2019,2019,4,66,0,1,1,YES,YES
PA,5/1/2019,2019,5,55,0,1,1,YES,YES
PA,6/1/2019,2019,6,57,0,1,1,YES,YES
PA,7/1/2019,2019,7,54,0,1,1,YES,YES
PA,8/1/2019,2019,8,68,0,1,1,YES,YES
PA,9/1/2019,2019,9,83,0,1,1,YES,YES
PA,10/1/2019,2019,10,81,0,1,1,YES,YES
PA,11/1/2019,2019,11,77,0,1,1,YES,YES
PA,12/1/2019,2019,12,79,0,1,1,YES,YES
PA,1/1/2020,2020,1,62,0,1,1,YES,YES
PA,2/1/2020,2020,2,49,0,1,1,YES,YES
PA,3/1/2020,2020,3,35,0,1,1,YES,YES
PA,4/1/2020,2020,4,26,0,1,1,YES,YES
PA,5/1/2020,2020,5,21,0,1,1,YES,YES
PA,6/1/2020,2020,6,19,0,1,1,YES,YES
PA,7/1/2020,2020,7,28,0,1,1,YES,YES
PA,8/1/2020,2020,8,46,0,1,1,YES,YES
PA,9/1/2020,2020,9,64,0,1,1,YES,YES
PA,10/1/2020,2020,10,66,0,1,1,YES,YES
PA,11/1/2020,2020,11,55,0,1,1,YES,YES
PA,12/1/2020,2020,12,56,0,1,1,YES,YES
PA,1/1/2021,2021,1,52,0,1,1,YES,YES
PA,2/1/2021,2021,2,40,0,1,1,YES,YES
PA,3/1/2021,2021,3,50,0,1,1,YES,YES
PA,4/1/2021,2021,4,47,0,1,1,YES,YES
PA,5/1/2021,2021,5,45,0,1,1,YES,YES
PA,6/1/2021,2021,6,48,0,1,1,YES,YES
PA,7/1/2021,2021,7,43,0,1,1,YES,YES
PA,8/1/2021,2021,8,48,0,1,1,YES,YES
PA,9/1/2021,2021,9,71,0,1,1,YES,YES
PA,10/1/2021,2021,10,75,0,1,1,YES,YES
PA,11/1/2021,2021,11,66,0,1,1,YES,YES
PA,12/1/2021,2021,12,64,0,1,1,YES,YES
PA,1/1/2022,2022,1,58,0,1,1,YES,YES
PA,2/1/2022,2022,2,39,0,1,1,YES,YES
PA,3/1/2022,2022,3,54,0,1,1,YES,YES
PA,4/1/2022,2022,4,51,0,1,1,YES,YES
PA,5/1/2022,2022,5,50,0,1,1,YES,YES
PA,6/1/2022,2022,6,41,0,1,1,YES,YES
PA,7/1/2022,2022,7,39,0,1,1,YES,YES
PA,8/1/2022,2022,8,52,0,1,1,YES,YES
PA,9/1/2022,2022,9,71,0,1,1,YES,YES
PA,10/1/2022,2022,10,74,0,1,1,YES,YES
PA,11/1/2022,2022,11,62,0,1,1,YES,YES
PA,12/1/2022,2022,12,58,0,1,1,YES,YES
PA,1/1/2023,2023,1,55,0,1,1,YES,YES
PA,2/1/2023,2023,2,38,0,1,1,YES,YES
PA,3/1/2023,2023,3,58,0,1,1,YES,YES
PA,4/1/2023,2023,4,55,0,1,1,YES,YES
PA,5/1/2023,2023,5,48,0,1,1,YES,YES
PA,6/1/2023,2023,6,42,0,1,1,YES,YES
PA,7/1/2023,2023,7,42,0,1,1,YES,YES
PA,8/1/2023,2023,8,54,0,1,1,YES,YES
PA,9/1/2023,2023,9,75,0,1,1,YES,YES
PA,10/1/2023,2023,10,69,0,1,1,YES,YES
PA,11/1/2023,2023,11,69,0,1,1,YES,YES
PA,12/1/2023,2023,12,66,0,1,1,YES,YES
PA,1/1/2024,2024,1,56,0,1,1,YES,YES
PA,2/1/2024,2024,2,34,0,1,1,YES,YES
PA,3/1/2024,2024,3,54,0,1,1,YES,YES
PA,4/1/2024,2024,4,48,0,1,1,YES,YES
PA,5/1/2024,2024,5,43,0,1,1,YES,YES
PA,6/1/2024,2024,6,40,0,1,1,YES,YES
PA,7/1/2024,2024,7,39,0,1,1,YES,YES
PA,8/1/2024,2024,8,54,0,1,1,YES,YES
PA,9/1/2024,2024,9,70,0,1,1,YES,YES
PA,10/1/2024,2024,10,58,0,1,1,YES,YES
PA,11/1/2024,2024,11,50,0,1,1,YES,YES
PA,12/1/2024,2024,12,50,0,1,1,YES,YES
PA,1/1/2025,2025,1,45,0,1,1,YES,YES
PA,2/1/2025,2025,2,31,0,1,1,YES,YES
PA,3/1/2025,2025,3,46,0,1,1,YES,YES
PA,4/1/2025,2025,4,40,0,1,1,YES,YES
PA,5/1/2025,2025,5,36,0,1,1,YES,YES
PA,6/1/2025,2025,6,35,0,1,1,YES,YES
PA,7/1/2025,2025,7,32,0,1,1,YES,YES
PA,8/1/2025,2025,8,51,0,1,1,YES,YES
PA,9/1/2025,2025,9,62,0,1,1,YES,YES
PA,10/1/2025,2025,10,53,0,1,1,YES,YES
PA,11/1/2025,2025,11,67,0,1,1,YES,YES
RI,1/1/2017,2017,1,70,1,0,1,YES,YES
RI,2/1/2017,2017,2,61,1,0,1,YES,YES
RI,3/1/2017,2017,3,80,1,0,1,YES,YES
RI,4/1/2017,2017,4,76,1,0,1,YES,YES
RI,5/1/2017,2017,5,60,1,0,1,YES,YES
RI,6/1/2017,2017,6,63,1,0,1,YES,YES
RI,7/1/2017,2017,7,66,1,0,1,YES,YES
RI,8/1/2017,2017,8,85,1,0,1,YES,YES
RI,9/1/2017,2017,9,100,1,0,1,YES,YES
RI,10/1/2017,2017,10,85,1,0,1,YES,YES
RI,11/1/2017,2017,11,80,1,0,1,YES,YES
RI,12/1/2017,2017,12,77,1,0,1,YES,YES
RI,1/1/2018,2018,1,71,1,0,1,YES,YES
RI,2/1/2018,2018,2,61,1,0,1,YES,YES
RI,3/1/2018,2018,3,78,1,0,1,YES,YES
RI,4/1/2018,2018,4,70,1,0,1,YES,YES
RI,5/1/2018,2018,5,69,1,0,1,YES,YES
RI,6/1/2018,2018,6,61,1,0,1,YES,YES
RI,7/1/2018,2018,7,63,1,0,1,YES,YES
RI,8/1/2018,2018,8,76,1,0,1,YES,YES
RI,9/1/2018,2018,9,95,1,0,1,YES,YES
RI,10/1/2018,2018,10,84,1,0,1,YES,YES
RI,11/1/2018,2018,11,70,1,0,1,YES,YES
RI,12/1/2018,2018,12,77,0,1,1,YES,YES
RI,1/1/2019,2019,1,64,0,1,1,YES,YES
RI,2/1/2019,2019,2,54,0,1,1,YES,YES
RI,3/1/2019,2019,3,74,0,1,1,YES,YES
RI,4/1/2019,2019,4,66,0,1,1,YES,YES
RI,5/1/2019,2019,5,60,0,1,1,YES,YES
RI,6/1/2019,2019,6,64,0,1,1,YES,YES
RI,7/1/2019,2019,7,59,0,1,1,YES,YES
RI,8/1/2019,2019,8,71,0,1,1,YES,YES
RI,9/1/2019,2019,9,87,0,1,1,YES,YES
RI,10/1/2019,2019,10,78,0,1,1,YES,YES
RI,11/1/2019,2019,11,75,0,1,1,YES,YES
RI,12/1/2019,2019,12,70,0,1,1,YES,YES
RI,1/1/2020,2020,1,65,0,1,1,YES,YES
RI,2/1/2020,2020,2,50,0,1,1,YES,YES
RI,3/1/2020,2020,3,37,0,1,1,YES,YES
RI,4/1/2020,2020,4,25,0,1,1,YES,YES
RI,5/1/2020,2020,5,20,0,1,1,YES,YES
RI,6/1/2020,2020,6,19,0,1,1,YES,YES
RI,7/1/2020,2020,7,28,0,1,1,YES,YES
RI,8/1/2020,2020,8,46,0,1,1,YES,YES
RI,9/1/2020,2020,9,70,0,1,1,YES,YES
RI,10/1/2020,2020,10,61,0,1,1,YES,YES
RI,11/1/2020,2020,11,56,0,1,1,YES,YES
RI,12/1/2020,2020,12,56,0,1,1,YES,YES
RI,1/1/2021,2021,1,54,0,1,1,YES,YES
RI,2/1/2021,2021,2,46,0,1,1,YES,YES
RI,3/1/2021,2021,3,49,0,1,1,YES,YES
RI,4/1/2021,2021,4,48,0,1,1,YES,YES
RI,5/1/2021,2021,5,44,0,1,1,YES,YES
RI,6/1/2021,2021,6,52,0,1,1,YES,YES
RI,7/1/2021,2021,7,50,0,1,1,YES,YES
RI,8/1/2021,2021,8,55,0,1,1,YES,YES
RI,9/1/2021,2021,9,74,0,1,1,YES,YES
RI,10/1/2021,2021,10,78,0,1,1,YES,YES
RI,11/1/2021,2021,11,69,0,1,1,YES,YES
RI,12/1/2021,2021,12,68,0,1,1,YES,YES
RI,1/1/2022,2022,1,60,0,1,1,YES,YES
RI,2/1/2022,2022,2,48,0,1,1,YES,YES
RI,3/1/2022,2022,3,59,0,1,1,YES,YES
RI,4/1/2022,2022,4,52,0,1,1,YES,YES
RI,5/1/2022,2022,5,57,0,1,1,YES,YES
RI,6/1/2022,2022,6,46,0,1,1,YES,YES
RI,7/1/2022,2022,7,43,0,1,1,YES,YES
RI,8/1/2022,2022,8,53,0,1,1,YES,YES
RI,9/1/2022,2022,9,68,0,1,1,YES,YES
RI,10/1/2022,2022,10,68,0,1,1,YES,YES
RI,11/1/2022,2022,11,63,0,1,1,YES,YES
RI,12/1/2022,2022,12,61,0,1,1,YES,YES
RI,1/1/2023,2023,1,59,0,1,1,YES,YES
RI,2/1/2023,2023,2,43,0,1,1,YES,YES
RI,3/1/2023,2023,3,61,0,1,1,YES,YES
RI,4/1/2023,2023,4,59,0,1,1,YES,YES
RI,5/1/2023,2023,5,54,0,1,1,YES,YES
RI,6/1/2023,2023,6,43,0,1,1,YES,YES
RI,7/1/2023,2023,7,44,0,1,1,YES,YES
RI,8/1/2023,2023,8,52,0,1,1,YES,YES
RI,9/1/2023,2023,9,70,0,1,1,YES,YES
RI,10/1/2023,2023,10,63,0,1,1,YES,YES
RI,11/1/2023,2023,11,63,0,1,1,YES,YES
RI,12/1/2023,2023,12,60,0,1,1,YES,YES
RI,1/1/2024,2024,1,57,0,1,1,YES,YES
RI,2/1/2024,2024,2,37,0,1,1,YES,YES
RI,3/1/2024,2024,3,57,0,1,1,YES,YES
RI,4/1/2024,2024,4,51,0,1,1,YES,YES
RI,5/1/2024,2024,5,53,0,1,1,YES,YES
RI,6/1/2024,2024,6,46,0,1,1,YES,YES
RI,7/1/2024,2024,7,39,0,1,1,YES,YES
RI,8/1/2024,2024,8,52,0,1,1,YES,YES
RI,9/1/2024,2024,9,60,0,1,1,YES,YES
RI,10/1/2024,2024,10,57,0,1,1,YES,YES
RI,11/1/2024,2024,11,50,0,1,1,YES,YES
RI,12/1/2024,2024,12,51,0,1,1,YES,YES
RI,1/1/2025,2025,1,45,0,1,1,YES,YES
RI,2/1/2025,2025,2,36,0,1,1,YES,YES
RI,3/1/2025,2025,3,52,0,1,1,YES,YES
RI,4/1/2025,2025,4,45,0,1,1,YES,YES
RI,5/1/2025,2025,5,41,0,1,1,YES,YES
RI,6/1/2025,2025,6,39,0,1,1,YES,YES
RI,7/1/2025,2025,7,32,0,1,1,YES,YES
RI,8/1/2025,2025,8,50,0,1,1,YES,YES
RI,9/1/2025,2025,9,67,0,1,1,YES,YES
RI,10/1/2025,2025,10,58,0,1,1,YES,YES
RI,11/1/2025,2025,11,70,0,1,1,YES,YES
SC,1/1/2017,2017,1,66,0,0,0,NO,NO
SC,2/1/2017,2017,2,44,0,0,0,NO,NO
SC,3/1/2017,2017,3,63,0,0,0,NO,NO
SC,4/1/2017,2017,4,57,0,0,0,NO,NO
SC,5/1/2017,2017,5,42,0,0,0,NO,NO
SC,6/1/2017,2017,6,42,0,0,0,NO,NO
SC,7/1/2017,2017,7,39,0,0,0,NO,NO
SC,8/1/2017,2017,8,51,0,0,0,NO,NO
SC,9/1/2017,2017,9,100,0,0,0,NO,NO
SC,10/1/2017,2017,10,85,0,0,0,NO,NO
SC,11/1/2017,2017,11,83,0,0,0,NO,NO
SC,12/1/2017,2017,12,72,0,0,0,NO,NO
SC,1/1/2018,2018,1,59,0,0,0,NO,NO
SC,2/1/2018,2018,2,41,0,0,0,NO,NO
SC,3/1/2018,2018,3,60,0,0,0,NO,NO
SC,4/1/2018,2018,4,48,0,0,0,NO,NO
SC,5/1/2018,2018,5,48,0,0,0,NO,NO
SC,6/1/2018,2018,6,47,0,0,0,NO,NO
SC,7/1/2018,2018,7,39,0,0,0,NO,NO
SC,8/1/2018,2018,8,48,0,0,0,NO,NO
SC,9/1/2018,2018,9,90,0,0,0,NO,NO
SC,10/1/2018,2018,10,83,0,0,0,NO,NO
SC,11/1/2018,2018,11,81,0,0,0,NO,NO
SC,12/1/2018,2018,12,75,0,0,0,NO,NO
SC,1/1/2019,2019,1,56,0,0,0,NO,NO
SC,2/1/2019,2019,2,41,0,0,0,NO,NO
SC,3/1/2019,2019,3,62,0,0,0,NO,NO
SC,4/1/2019,2019,4,49,0,0,0,NO,NO
SC,5/1/2019,2019,5,43,0,0,0,NO,NO
SC,6/1/2019,2019,6,47,0,0,0,NO,NO
SC,7/1/2019,2019,7,38,0,0,0,NO,NO
SC,8/1/2019,2019,8,55,0,0,0,NO,NO
SC,9/1/2019,2019,9,78,0,0,0,NO,NO
SC,10/1/2019,2019,10,70,0,0,0,NO,NO
SC,11/1/2019,2019,11,74,0,0,0,NO,NO
SC,12/1/2019,2019,12,67,0,0,0,NO,NO
SC,1/1/2020,2020,1,57,0,0,0,NO,NO
SC,2/1/2020,2020,2,35,0,0,0,NO,NO
SC,3/1/2020,2020,3,26,0,0,0,NO,NO
SC,4/1/2020,2020,4,19,0,0,0,NO,NO
SC,5/1/2020,2020,5,14,0,0,0,NO,NO
SC,6/1/2020,2020,6,16,0,0,0,NO,NO
SC,7/1/2020,2020,7,17,0,0,0,NO,NO
SC,8/1/2020,2020,8,33,0,0,0,NO,NO
SC,9/1/2020,2020,9,52,0,0,0,NO,NO
SC,10/1/2020,2020,10,61,0,0,0,NO,NO
SC,11/1/2020,2020,11,50,0,0,0,NO,NO
SC,12/1/2020,2020,12,51,0,0,0,NO,NO
SC,1/1/2021,2021,1,45,0,0,0,NO,NO
SC,2/1/2021,2021,2,30,0,0,0,NO,NO
SC,3/1/2021,2021,3,38,0,0,0,NO,NO
SC,4/1/2021,2021,4,32,0,0,0,NO,NO
SC,5/1/2021,2021,5,32,0,0,0,NO,NO
SC,6/1/2021,2021,6,36,0,0,0,NO,NO
SC,7/1/2021,2021,7,30,0,0,0,NO,NO
SC,8/1/2021,2021,8,32,0,0,0,NO,NO
SC,9/1/2021,2021,9,63,0,0,0,NO,NO
SC,10/1/2021,2021,10,65,0,0,0,NO,NO
SC,11/1/2021,2021,11,60,0,0,0,NO,NO
SC,12/1/2021,2021,12,59,0,0,0,NO,NO
SC,1/1/2022,2022,1,46,0,0,0,NO,NO
SC,2/1/2022,2022,2,32,0,0,0,NO,NO
SC,3/1/2022,2022,3,40,0,0,0,NO,NO
SC,4/1/2022,2022,4,39,0,0,0,NO,NO
SC,5/1/2022,2022,5,35,0,0,0,NO,NO
SC,6/1/2022,2022,6,29,0,0,0,NO,NO
SC,7/1/2022,2022,7,28,0,0,0,NO,NO
SC,8/1/2022,2022,8,34,0,0,0,NO,NO
SC,9/1/2022,2022,9,74,0,0,0,NO,NO
SC,10/1/2022,2022,10,64,0,0,0,NO,NO
SC,11/1/2022,2022,11,60,0,0,0,NO,NO
SC,12/1/2022,2022,12,53,0,0,0,NO,NO
SC,1/1/2023,2023,1,47,0,0,0,NO,NO
SC,2/1/2023,2023,2,31,0,0,0,NO,NO
SC,3/1/2023,2023,3,46,0,0,0,NO,NO
SC,4/1/2023,2023,4,43,0,0,0,NO,NO
SC,5/1/2023,2023,5,37,0,0,0,NO,NO
SC,6/1/2023,2023,6,32,0,0,0,NO,NO
SC,7/1/2023,2023,7,30,0,0,0,NO,NO
SC,8/1/2023,2023,8,39,0,0,0,NO,NO
SC,9/1/2023,2023,9,76,0,0,0,NO,NO
SC,10/1/2023,2023,10,60,0,0,0,NO,NO
SC,11/1/2023,2023,11,59,0,0,0,NO,NO
SC,12/1/2023,2023,12,55,0,0,0,NO,NO
SC,1/1/2024,2024,1,48,0,0,0,NO,NO
SC,2/1/2024,2024,2,28,0,0,0,NO,NO
SC,3/1/2024,2024,3,45,0,0,0,NO,NO
SC,4/1/2024,2024,4,36,0,0,0,NO,NO
SC,5/1/2024,2024,5,31,0,0,0,NO,NO
SC,6/1/2024,2024,6,30,0,0,0,NO,NO
SC,7/1/2024,2024,7,22,0,0,0,NO,NO
SC,8/1/2024,2024,8,35,0,0,0,NO,NO
SC,9/1/2024,2024,9,62,0,0,0,NO,NO
SC,10/1/2024,2024,10,46,0,0,0,NO,NO
SC,11/1/2024,2024,11,48,0,0,0,NO,NO
SC,12/1/2024,2024,12,44,0,0,0,NO,NO
SC,1/1/2025,2025,1,34,0,0,0,NO,NO
SC,2/1/2025,2025,2,23,0,0,0,NO,NO
SC,3/1/2025,2025,3,38,0,0,0,NO,NO
SC,4/1/2025,2025,4,31,0,0,0,NO,NO
SC,5/1/2025,2025,5,27,0,0,0,NO,NO
SC,6/1/2025,2025,6,23,0,0,0,NO,NO
SC,7/1/2025,2025,7,19,0,0,0,NO,NO
SC,8/1/2025,2025,8,38,0,0,0,NO,NO
SC,9/1/2025,2025,9,52,0,0,0,NO,NO
SC,10/1/2025,2025,10,45,0,0,0,NO,NO
SC,11/1/2025,2025,11,68,0,0,0,NO,NO
SD,1/1/2017,2017,1,58,1,0,1,NO,YES
SD,2/1/2017,2017,2,39,1,0,1,NO,YES
SD,3/1/2017,2017,3,81,1,0,1,NO,YES
SD,4/1/2017,2017,4,64,1,0,1,NO,YES
SD,5/1/2017,2017,5,50,1,0,1,NO,YES
SD,6/1/2017,2017,6,44,1,0,1,NO,YES
SD,7/1/2017,2017,7,40,1,0,1,NO,YES
SD,8/1/2017,2017,8,67,1,0,1,NO,YES
SD,9/1/2017,2017,9,96,1,0,1,NO,YES
SD,10/1/2017,2017,10,96,1,0,1,NO,YES
SD,11/1/2017,2017,11,90,1,0,1,NO,YES
SD,12/1/2017,2017,12,85,1,0,1,NO,YES
SD,1/1/2018,2018,1,60,1,0,1,NO,YES
SD,2/1/2018,2018,2,45,1,0,1,NO,YES
SD,3/1/2018,2018,3,79,1,0,1,NO,YES
SD,4/1/2018,2018,4,58,1,0,1,NO,YES
SD,5/1/2018,2018,5,50,1,0,1,NO,YES
SD,6/1/2018,2018,6,45,1,0,1,NO,YES
SD,7/1/2018,2018,7,48,1,0,1,NO,YES
SD,8/1/2018,2018,8,61,1,0,1,NO,YES
SD,9/1/2018,2018,9,100,1,0,1,NO,YES
SD,10/1/2018,2018,10,89,1,0,1,NO,YES
SD,11/1/2018,2018,11,81,1,0,1,NO,YES
SD,12/1/2018,2018,12,86,1,0,1,NO,YES
SD,1/1/2019,2019,1,60,1,0,1,NO,YES
SD,2/1/2019,2019,2,47,1,0,1,NO,YES
SD,3/1/2019,2019,3,83,1,0,1,NO,YES
SD,4/1/2019,2019,4,56,1,0,1,NO,YES
SD,5/1/2019,2019,5,52,1,0,1,NO,YES
SD,6/1/2019,2019,6,57,1,0,1,NO,YES
SD,7/1/2019,2019,7,49,1,0,1,NO,YES
SD,8/1/2019,2019,8,66,1,0,1,NO,YES
SD,9/1/2019,2019,9,93,1,0,1,NO,YES
SD,10/1/2019,2019,10,93,1,0,1,NO,YES
SD,11/1/2019,2019,11,81,1,0,1,NO,YES
SD,12/1/2019,2019,12,81,1,0,1,NO,YES
SD,1/1/2020,2020,1,65,1,0,1,NO,YES
SD,2/1/2020,2020,2,41,1,0,1,NO,YES
SD,3/1/2020,2020,3,36,1,0,1,NO,YES
SD,4/1/2020,2020,4,27,1,0,1,NO,YES
SD,5/1/2020,2020,5,20,1,0,1,NO,YES
SD,6/1/2020,2020,6,19,1,0,1,NO,YES
SD,7/1/2020,2020,7,25,1,0,1,NO,YES
SD,8/1/2020,2020,8,39,1,0,1,NO,YES
SD,9/1/2020,2020,9,65,1,0,1,NO,YES
SD,10/1/2020,2020,10,63,1,0,1,NO,YES
SD,11/1/2020,2020,11,56,1,0,1,NO,YES
SD,12/1/2020,2020,12,62,1,0,1,NO,YES
SD,1/1/2021,2021,1,52,1,0,1,NO,YES
SD,2/1/2021,2021,2,35,1,0,1,NO,YES
SD,3/1/2021,2021,3,53,1,0,1,NO,YES
SD,4/1/2021,2021,4,42,1,0,1,NO,YES
SD,5/1/2021,2021,5,41,1,0,1,NO,YES
SD,6/1/2021,2021,6,37,1,0,1,NO,YES
SD,7/1/2021,2021,7,36,1,0,1,NO,YES
SD,8/1/2021,2021,8,48,1,0,1,NO,YES
SD,9/1/2021,2021,9,71,1,0,1,NO,YES
SD,10/1/2021,2021,10,74,0,1,1,NO,YES
SD,11/1/2021,2021,11,70,0,1,1,NO,YES
SD,12/1/2021,2021,12,72,0,1,1,NO,YES
SD,1/1/2022,2022,1,54,0,1,1,NO,YES
SD,2/1/2022,2022,2,36,0,1,1,NO,YES
SD,3/1/2022,2022,3,66,0,1,1,NO,YES
SD,4/1/2022,2022,4,45,0,1,1,NO,YES
SD,5/1/2022,2022,5,38,0,1,1,NO,YES
SD,6/1/2022,2022,6,35,0,1,1,NO,YES
SD,7/1/2022,2022,7,30,0,1,1,NO,YES
SD,8/1/2022,2022,8,42,0,1,1,NO,YES
SD,9/1/2022,2022,9,67,0,1,1,NO,YES
SD,10/1/2022,2022,10,69,0,1,1,NO,YES
SD,11/1/2022,2022,11,61,0,1,1,NO,YES
SD,12/1/2022,2022,12,63,0,1,1,NO,YES
SD,1/1/2023,2023,1,53,0,1,1,NO,YES
SD,2/1/2023,2023,2,37,0,1,1,NO,YES
SD,3/1/2023,2023,3,61,0,1,1,NO,YES
SD,4/1/2023,2023,4,46,0,1,1,NO,YES
SD,5/1/2023,2023,5,36,0,1,1,NO,YES
SD,6/1/2023,2023,6,34,0,1,1,NO,YES
SD,7/1/2023,2023,7,32,0,1,1,NO,YES
SD,8/1/2023,2023,8,44,0,1,1,NO,YES
SD,9/1/2023,2023,9,71,0,1,1,NO,YES
SD,10/1/2023,2023,10,65,0,1,1,NO,YES
SD,11/1/2023,2023,11,60,0,1,1,NO,YES
SD,12/1/2023,2023,12,66,0,1,1,NO,YES
SD,1/1/2024,2024,1,52,0,1,1,NO,YES
SD,2/1/2024,2024,2,28,0,1,1,NO,YES
SD,3/1/2024,2024,3,56,0,1,1,NO,YES
SD,4/1/2024,2024,4,43,0,1,1,NO,YES
SD,5/1/2024,2024,5,41,0,1,1,NO,YES
SD,6/1/2024,2024,6,31,0,1,1,NO,YES
SD,7/1/2024,2024,7,28,0,1,1,NO,YES
SD,8/1/2024,2024,8,45,0,1,1,NO,YES
SD,9/1/2024,2024,9,62,0,1,1,NO,YES
SD,10/1/2024,2024,10,55,0,1,1,NO,YES
SD,11/1/2024,2024,11,45,0,1,1,NO,YES
SD,12/1/2024,2024,12,51,0,1,1,NO,YES
SD,1/1/2025,2025,1,40,0,1,1,NO,YES
SD,2/1/2025,2025,2,26,0,1,1,NO,YES
SD,3/1/2025,2025,3,49,0,1,1,NO,YES
SD,4/1/2025,2025,4,38,0,1,1,NO,YES
SD,5/1/2025,2025,5,31,0,1,1,NO,YES
SD,6/1/2025,2025,6,26,0,1,1,NO,YES
SD,7/1/2025,2025,7,23,0,1,1,NO,YES
SD,8/1/2025,2025,8,44,0,1,1,NO,YES
SD,9/1/2025,2025,9,56,0,1,1,NO,YES
SD,10/1/2025,2025,10,48,0,1,1,NO,YES
SD,11/1/2025,2025,11,67,0,1,1,NO,YES
TN,1/1/2017,2017,1,66,1,0,1,YES,NO
TN,2/1/2017,2017,2,43,1,0,1,YES,NO
TN,3/1/2017,2017,3,67,1,0,1,YES,NO
TN,4/1/2017,2017,4,60,1,0,1,YES,NO
TN,5/1/2017,2017,5,48,1,0,1,YES,NO
TN,6/1/2017,2017,6,48,1,0,1,YES,NO
TN,7/1/2017,2017,7,42,1,0,1,YES,NO
TN,8/1/2017,2017,8,53,1,0,1,YES,NO
TN,9/1/2017,2017,9,100,1,0,1,YES,NO
TN,10/1/2017,2017,10,86,1,0,1,YES,NO
TN,11/1/2017,2017,11,85,1,0,1,YES,NO
TN,12/1/2017,2017,12,76,1,0,1,YES,NO
TN,1/1/2018,2018,1,66,1,0,1,YES,NO
TN,2/1/2018,2018,2,47,1,0,1,YES,NO
TN,3/1/2018,2018,3,70,1,0,1,YES,NO
TN,4/1/2018,2018,4,53,1,0,1,YES,NO
TN,5/1/2018,2018,5,51,1,0,1,YES,NO
TN,6/1/2018,2018,6,46,1,0,1,YES,NO
TN,7/1/2018,2018,7,42,1,0,1,YES,NO
TN,8/1/2018,2018,8,51,1,0,1,YES,NO
TN,9/1/2018,2018,9,92,1,0,1,YES,NO
TN,10/1/2018,2018,10,77,1,0,1,YES,NO
TN,11/1/2018,2018,11,81,1,0,1,YES,NO
TN,12/1/2018,2018,12,75,1,0,1,YES,NO
TN,1/1/2019,2019,1,62,1,0,1,YES,NO
TN,2/1/2019,2019,2,52,1,0,1,YES,NO
TN,3/1/2019,2019,3,75,1,0,1,YES,NO
TN,4/1/2019,2019,4,49,1,0,1,YES,NO
TN,5/1/2019,2019,5,48,1,0,1,YES,NO
TN,6/1/2019,2019,6,53,1,0,1,YES,NO
TN,7/1/2019,2019,7,42,1,0,1,YES,NO
TN,8/1/2019,2019,8,53,1,0,1,YES,NO
TN,9/1/2019,2019,9,79,1,0,1,YES,NO
TN,10/1/2019,2019,10,72,1,0,1,YES,NO
TN,11/1/2019,2019,11,78,1,0,1,YES,NO
TN,12/1/2019,2019,12,70,1,0,1,YES,NO
TN,1/1/2020,2020,1,62,1,0,1,YES,NO
TN,2/1/2020,2020,2,39,1,0,1,YES,NO
TN,3/1/2020,2020,3,30,1,0,1,YES,NO
TN,4/1/2020,2020,4,23,1,0,1,YES,NO
TN,5/1/2020,2020,5,17,1,0,1,YES,NO
TN,6/1/2020,2020,6,15,1,0,1,YES,NO
TN,7/1/2020,2020,7,21,1,0,1,YES,NO
TN,8/1/2020,2020,8,33,1,0,1,YES,NO
TN,9/1/2020,2020,9,52,1,0,1,YES,NO
TN,10/1/2020,2020,10,59,1,0,1,YES,NO
TN,11/1/2020,2020,11,50,0,0,0,YES,NO
TN,12/1/2020,2020,12,54,0,1,1,YES,NO
TN,1/1/2021,2021,1,50,0,1,1,YES,NO
TN,2/1/2021,2021,2,34,0,1,1,YES,NO
TN,3/1/2021,2021,3,41,0,1,1,YES,NO
TN,4/1/2021,2021,4,35,0,1,1,YES,NO
TN,5/1/2021,2021,5,36,0,1,1,YES,NO
TN,6/1/2021,2021,6,43,0,1,1,YES,NO
TN,7/1/2021,2021,7,33,0,1,1,YES,NO
TN,8/1/2021,2021,8,36,0,1,1,YES,NO
TN,9/1/2021,2021,9,69,0,1,1,YES,NO
TN,10/1/2021,2021,10,74,0,1,1,YES,NO
TN,11/1/2021,2021,11,65,0,1,1,YES,NO
TN,12/1/2021,2021,12,64,0,1,1,YES,NO
TN,1/1/2022,2022,1,53,0,1,1,YES,NO
TN,2/1/2022,2022,2,36,0,1,1,YES,NO
TN,3/1/2022,2022,3,51,0,1,1,YES,NO
TN,4/1/2022,2022,4,41,0,1,1,YES,NO
TN,5/1/2022,2022,5,37,0,1,1,YES,NO
TN,6/1/2022,2022,6,35,0,1,1,YES,NO
TN,7/1/2022,2022,7,28,0,1,1,YES,NO
TN,8/1/2022,2022,8,37,0,1,1,YES,NO
TN,9/1/2022,2022,9,74,0,1,1,YES,NO
TN,10/1/2022,2022,10,73,0,1,1,YES,NO
TN,11/1/2022,2022,11,64,0,1,1,YES,NO
TN,12/1/2022,2022,12,59,0,1,1,YES,NO
TN,1/1/2023,2023,1,53,0,1,1,YES,NO
TN,2/1/2023,2023,2,36,0,1,1,YES,NO
TN,3/1/2023,2023,3,54,0,1,1,YES,NO
TN,4/1/2023,2023,4,44,0,1,1,YES,NO
TN,5/1/2023,2023,5,39,0,1,1,YES,NO
TN,6/1/2023,2023,6,40,0,1,1,YES,NO
TN,7/1/2023,2023,7,33,0,1,1,YES,NO
TN,8/1/2023,2023,8,41,0,1,1,YES,NO
TN,9/1/2023,2023,9,78,0,1,1,YES,NO
TN,10/1/2023,2023,10,64,0,1,1,YES,NO
TN,11/1/2023,2023,11,65,0,1,1,YES,NO
TN,12/1/2023,2023,12,58,0,1,1,YES,NO
TN,1/1/2024,2024,1,52,0,1,1,YES,NO
TN,2/1/2024,2024,2,33,0,1,1,YES,NO
TN,3/1/2024,2024,3,53,0,1,1,YES,NO
TN,4/1/2024,2024,4,41,0,1,1,YES,NO
TN,5/1/2024,2024,5,36,0,1,1,YES,NO
TN,6/1/2024,2024,6,40,0,1,1,YES,NO
TN,7/1/2024,2024,7,24,0,1,1,YES,NO
TN,8/1/2024,2024,8,38,0,1,1,YES,NO
TN,9/1/2024,2024,9,62,0,1,1,YES,NO
TN,10/1/2024,2024,10,50,0,1,1,YES,NO
TN,11/1/2024,2024,11,47,0,1,1,YES,NO
TN,12/1/2024,2024,12,44,0,1,1,YES,NO
TN,1/1/2025,2025,1,39,0,1,1,YES,NO
TN,2/1/2025,2025,2,30,0,1,1,YES,NO
TN,3/1/2025,2025,3,48,0,1,1,YES,NO
TN,4/1/2025,2025,4,33,0,1,1,YES,NO
TN,5/1/2025,2025,5,29,0,1,1,YES,NO
TN,6/1/2025,2025,6,26,0,1,1,YES,NO
TN,7/1/2025,2025,7,21,0,1,1,YES,NO
TN,8/1/2025,2025,8,39,0,1,1,YES,NO
TN,9/1/2025,2025,9,57,0,1,1,YES,NO
TN,10/1/2025,2025,10,52,0,1,1,YES,NO
TN,11/1/2025,2025,11,76,0,1,1,YES,NO
TX,1/1/2017,2017,1,76,0,0,0,NO,NO
TX,2/1/2017,2017,2,51,0,0,0,NO,NO
TX,3/1/2017,2017,3,74,0,0,0,NO,NO
TX,4/1/2017,2017,4,75,0,0,0,NO,NO
TX,5/1/2017,2017,5,63,0,0,0,NO,NO
TX,6/1/2017,2017,6,60,0,0,0,NO,NO
TX,7/1/2017,2017,7,56,0,0,0,NO,NO
TX,8/1/2017,2017,8,64,0,0,0,NO,NO
TX,9/1/2017,2017,9,100,0,0,0,NO,NO
TX,10/1/2017,2017,10,97,0,0,0,NO,NO
TX,11/1/2017,2017,11,83,0,0,0,NO,NO
TX,12/1/2017,2017,12,85,0,0,0,NO,NO
TX,1/1/2018,2018,1,67,0,0,0,NO,NO
TX,2/1/2018,2018,2,53,0,0,0,NO,NO
TX,3/1/2018,2018,3,68,0,0,0,NO,NO
TX,4/1/2018,2018,4,70,0,0,0,NO,NO
TX,5/1/2018,2018,5,61,0,0,0,NO,NO
TX,6/1/2018,2018,6,63,0,0,0,NO,NO
TX,7/1/2018,2018,7,57,0,0,0,NO,NO
TX,8/1/2018,2018,8,63,0,0,0,NO,NO
TX,9/1/2018,2018,9,95,0,0,0,NO,NO
TX,10/1/2018,2018,10,88,0,0,0,NO,NO
TX,11/1/2018,2018,11,81,0,0,0,NO,NO
TX,12/1/2018,2018,12,83,0,0,0,NO,NO
TX,1/1/2019,2019,1,72,0,0,0,NO,NO
TX,2/1/2019,2019,2,53,0,0,0,NO,NO
TX,3/1/2019,2019,3,68,0,0,0,NO,NO
TX,4/1/2019,2019,4,65,0,0,0,NO,NO
TX,5/1/2019,2019,5,59,0,0,0,NO,NO
TX,6/1/2019,2019,6,63,0,0,0,NO,NO
TX,7/1/2019,2019,7,55,0,0,0,NO,NO
TX,8/1/2019,2019,8,66,0,0,0,NO,NO
TX,9/1/2019,2019,9,95,0,0,0,NO,NO
TX,10/1/2019,2019,10,81,0,0,0,NO,NO
TX,11/1/2019,2019,11,79,0,0,0,NO,NO
TX,12/1/2019,2019,12,79,0,0,0,NO,NO
TX,1/1/2020,2020,1,70,0,0,0,NO,NO
TX,2/1/2020,2020,2,47,0,0,0,NO,NO
TX,3/1/2020,2020,3,34,0,0,0,NO,NO
TX,4/1/2020,2020,4,26,0,0,0,NO,NO
TX,5/1/2020,2020,5,22,0,0,0,NO,NO
TX,6/1/2020,2020,6,21,0,0,0,NO,NO
TX,7/1/2020,2020,7,29,0,0,0,NO,NO
TX,8/1/2020,2020,8,43,0,0,0,NO,NO
TX,9/1/2020,2020,9,60,0,0,0,NO,NO
TX,10/1/2020,2020,10,64,0,0,0,NO,NO
TX,11/1/2020,2020,11,53,0,0,0,NO,NO
TX,12/1/2020,2020,12,56,0,0,0,NO,NO
TX,1/1/2021,2021,1,55,0,0,0,NO,NO
TX,2/1/2021,2021,2,38,0,0,0,NO,NO
TX,3/1/2021,2021,3,44,0,0,0,NO,NO
TX,4/1/2021,2021,4,42,0,0,0,NO,NO
TX,5/1/2021,2021,5,44,0,0,0,NO,NO
TX,6/1/2021,2021,6,50,0,0,0,NO,NO
TX,7/1/2021,2021,7,43,0,0,0,NO,NO
TX,8/1/2021,2021,8,43,0,0,0,NO,NO
TX,9/1/2021,2021,9,69,0,0,0,NO,NO
TX,10/1/2021,2021,10,75,0,0,0,NO,NO
TX,11/1/2021,2021,11,68,0,0,0,NO,NO
TX,12/1/2021,2021,12,62,0,0,0,NO,NO
TX,1/1/2022,2022,1,57,0,0,0,NO,NO
TX,2/1/2022,2022,2,38,0,0,0,NO,NO
TX,3/1/2022,2022,3,47,0,0,0,NO,NO
TX,4/1/2022,2022,4,43,0,0,0,NO,NO
TX,5/1/2022,2022,5,42,0,0,0,NO,NO
TX,6/1/2022,2022,6,40,0,0,0,NO,NO
TX,7/1/2022,2022,7,34,0,0,0,NO,NO
TX,8/1/2022,2022,8,43,0,0,0,NO,NO
TX,9/1/2022,2022,9,68,0,0,0,NO,NO
TX,10/1/2022,2022,10,66,0,0,0,NO,NO
TX,11/1/2022,2022,11,59,0,0,0,NO,NO
TX,12/1/2022,2022,12,56,0,0,0,NO,NO
TX,1/1/2023,2023,1,54,0,0,0,NO,NO
TX,2/1/2023,2023,2,36,0,0,0,NO,NO
TX,3/1/2023,2023,3,47,0,0,0,NO,NO
TX,4/1/2023,2023,4,45,0,0,0,NO,NO
TX,5/1/2023,2023,5,47,0,0,0,NO,NO
TX,6/1/2023,2023,6,39,0,0,0,NO,NO
TX,7/1/2023,2023,7,37,0,0,0,NO,NO
TX,8/1/2023,2023,8,46,0,0,0,NO,NO
TX,9/1/2023,2023,9,80,0,0,0,NO,NO
TX,10/1/2023,2023,10,70,0,0,0,NO,NO
TX,11/1/2023,2023,11,62,0,0,0,NO,NO
TX,12/1/2023,2023,12,59,0,0,0,NO,NO
TX,1/1/2024,2024,1,53,0,0,0,NO,NO
TX,2/1/2024,2024,2,30,0,0,0,NO,NO
TX,3/1/2024,2024,3,43,0,0,0,NO,NO
TX,4/1/2024,2024,4,38,0,0,0,NO,NO
TX,5/1/2024,2024,5,36,0,0,0,NO,NO
TX,6/1/2024,2024,6,35,0,0,0,NO,NO
TX,7/1/2024,2024,7,29,0,0,0,NO,NO
TX,8/1/2024,2024,8,42,0,0,0,NO,NO
TX,9/1/2024,2024,9,64,0,0,0,NO,NO
TX,10/1/2024,2024,10,51,0,0,0,NO,NO
TX,11/1/2024,2024,11,43,0,0,0,NO,NO
TX,12/1/2024,2024,12,44,0,0,0,NO,NO
TX,1/1/2025,2025,1,40,0,0,0,NO,NO
TX,2/1/2025,2025,2,31,0,0,0,NO,NO
TX,3/1/2025,2025,3,39,0,0,0,NO,NO
TX,4/1/2025,2025,4,36,0,0,0,NO,NO
TX,5/1/2025,2025,5,33,0,0,0,NO,NO
TX,6/1/2025,2025,6,30,0,0,0,NO,NO
TX,7/1/2025,2025,7,26,0,0,0,NO,NO
TX,8/1/2025,2025,8,46,0,0,0,NO,NO
TX,9/1/2025,2025,9,54,0,0,0,NO,NO
TX,10/1/2025,2025,10,49,0,0,0,NO,NO
TX,11/1/2025,2025,11,69,0,0,0,NO,NO
UT,1/1/2017,2017,1,65,0,0,0,NO,NO
UT,2/1/2017,2017,2,48,0,0,0,NO,NO
UT,3/1/2017,2017,3,84,0,0,0,NO,NO
UT,4/1/2017,2017,4,71,0,0,0,NO,NO
UT,5/1/2017,2017,5,52,0,0,0,NO,NO
UT,6/1/2017,2017,6,51,0,0,0,NO,NO
UT,7/1/2017,2017,7,52,0,0,0,NO,NO
UT,8/1/2017,2017,8,58,0,0,0,NO,NO
UT,9/1/2017,2017,9,100,0,0,0,NO,NO
UT,10/1/2017,2017,10,100,0,0,0,NO,NO
UT,11/1/2017,2017,11,77,0,0,0,NO,NO
UT,12/1/2017,2017,12,69,0,0,0,NO,NO
UT,1/1/2018,2018,1,60,0,0,0,NO,NO
UT,2/1/2018,2018,2,49,0,0,0,NO,NO
UT,3/1/2018,2018,3,83,0,0,0,NO,NO
UT,4/1/2018,2018,4,69,0,0,0,NO,NO
UT,5/1/2018,2018,5,54,0,0,0,NO,NO
UT,6/1/2018,2018,6,52,0,0,0,NO,NO
UT,7/1/2018,2018,7,47,0,0,0,NO,NO
UT,8/1/2018,2018,8,49,0,0,0,NO,NO
UT,9/1/2018,2018,9,94,0,0,0,NO,NO
UT,10/1/2018,2018,10,86,0,0,0,NO,NO
UT,11/1/2018,2018,11,82,0,0,0,NO,NO
UT,12/1/2018,2018,12,71,0,0,0,NO,NO
UT,1/1/2019,2019,1,61,0,0,0,NO,NO
UT,2/1/2019,2019,2,47,0,0,0,NO,NO
UT,3/1/2019,2019,3,85,0,0,0,NO,NO
UT,4/1/2019,2019,4,59,0,0,0,NO,NO
UT,5/1/2019,2019,5,44,0,0,0,NO,NO
UT,6/1/2019,2019,6,52,0,0,0,NO,NO
UT,7/1/2019,2019,7,46,0,0,0,NO,NO
UT,8/1/2019,2019,8,65,0,0,0,NO,NO
UT,9/1/2019,2019,9,94,0,0,0,NO,NO
UT,10/1/2019,2019,10,78,0,0,0,NO,NO
UT,11/1/2019,2019,11,87,0,0,0,NO,NO
UT,12/1/2019,2019,12,73,0,0,0,NO,NO
UT,1/1/2020,2020,1,68,0,0,0,NO,NO
UT,2/1/2020,2020,2,44,0,0,0,NO,NO
UT,3/1/2020,2020,3,34,0,0,0,NO,NO
UT,4/1/2020,2020,4,23,0,0,0,NO,NO
UT,5/1/2020,2020,5,20,0,0,0,NO,NO
UT,6/1/2020,2020,6,19,0,0,0,NO,NO
UT,7/1/2020,2020,7,26,0,0,0,NO,NO
UT,8/1/2020,2020,8,40,0,0,0,NO,NO
UT,9/1/2020,2020,9,60,0,0,0,NO,NO
UT,10/1/2020,2020,10,57,0,0,0,NO,NO
UT,11/1/2020,2020,11,54,0,0,0,NO,NO
UT,12/1/2020,2020,12,52,0,0,0,NO,NO
UT,1/1/2021,2021,1,53,0,0,0,NO,NO
UT,2/1/2021,2021,2,43,0,0,0,NO,NO
UT,3/1/2021,2021,3,50,0,0,0,NO,NO
UT,4/1/2021,2021,4,44,0,0,0,NO,NO
UT,5/1/2021,2021,5,51,0,0,0,NO,NO
UT,6/1/2021,2021,6,55,0,0,0,NO,NO
UT,7/1/2021,2021,7,40,0,0,0,NO,NO
UT,8/1/2021,2021,8,41,0,0,0,NO,NO
UT,9/1/2021,2021,9,71,0,0,0,NO,NO
UT,10/1/2021,2021,10,75,0,0,0,NO,NO
UT,11/1/2021,2021,11,69,0,0,0,NO,NO
UT,12/1/2021,2021,12,68,0,0,0,NO,NO
UT,1/1/2022,2022,1,55,0,0,0,NO,NO
UT,2/1/2022,2022,2,38,0,0,0,NO,NO
UT,3/1/2022,2022,3,56,0,0,0,NO,NO
UT,4/1/2022,2022,4,46,0,0,0,NO,NO
UT,5/1/2022,2022,5,37,0,0,0,NO,NO
UT,6/1/2022,2022,6,34,0,0,0,NO,NO
UT,7/1/2022,2022,7,35,0,0,0,NO,NO
UT,8/1/2022,2022,8,39,0,0,0,NO,NO
UT,9/1/2022,2022,9,75,0,0,0,NO,NO
UT,10/1/2022,2022,10,66,0,0,0,NO,NO
UT,11/1/2022,2022,11,65,0,0,0,NO,NO
UT,12/1/2022,2022,12,51,0,0,0,NO,NO
UT,1/1/2023,2023,1,48,0,0,0,NO,NO
UT,2/1/2023,2023,2,37,0,0,0,NO,NO
UT,3/1/2023,2023,3,60,0,0,0,NO,NO
UT,4/1/2023,2023,4,41,0,0,0,NO,NO
UT,5/1/2023,2023,5,39,0,0,0,NO,NO
UT,6/1/2023,2023,6,35,0,0,0,NO,NO
UT,7/1/2023,2023,7,33,0,0,0,NO,NO
UT,8/1/2023,2023,8,38,0,0,0,NO,NO
UT,9/1/2023,2023,9,78,0,0,0,NO,NO
UT,10/1/2023,2023,10,60,0,0,0,NO,NO
UT,11/1/2023,2023,11,55,0,0,0,NO,NO
UT,12/1/2023,2023,12,56,0,0,0,NO,NO
UT,1/1/2024,2024,1,52,0,0,0,NO,NO
UT,2/1/2024,2024,2,35,0,0,0,NO,NO
UT,3/1/2024,2024,3,59,0,0,0,NO,NO
UT,4/1/2024,2024,4,39,0,0,0,NO,NO
UT,5/1/2024,2024,5,37,0,0,0,NO,NO
UT,6/1/2024,2024,6,35,0,0,0,NO,NO
UT,7/1/2024,2024,7,28,0,0,0,NO,NO
UT,8/1/2024,2024,8,47,0,0,0,NO,NO
UT,9/1/2024,2024,9,66,0,0,0,NO,NO
UT,10/1/2024,2024,10,54,0,0,0,NO,NO
UT,11/1/2024,2024,11,47,0,0,0,NO,NO
UT,12/1/2024,2024,12,43,0,0,0,NO,NO
UT,1/1/2025,2025,1,38,0,0,0,NO,NO
UT,2/1/2025,2025,2,32,0,0,0,NO,NO
UT,3/1/2025,2025,3,59,0,0,0,NO,NO
UT,4/1/2025,2025,4,34,0,0,0,NO,NO
UT,5/1/2025,2025,5,30,0,0,0,NO,NO
UT,6/1/2025,2025,6,29,0,0,0,NO,NO
UT,7/1/2025,2025,7,25,0,0,0,NO,NO
UT,8/1/2025,2025,8,44,0,0,0,NO,NO
UT,9/1/2025,2025,9,58,0,0,0,NO,NO
UT,10/1/2025,2025,10,51,0,0,0,NO,NO
UT,11/1/2025,2025,11,84,0,0,0,NO,NO
VA,1/1/2017,2017,1,68,1,0,1,YES,YES
VA,2/1/2017,2017,2,52,1,0,1,YES,YES
VA,3/1/2017,2017,3,82,1,0,1,YES,YES
VA,4/1/2017,2017,4,68,1,0,1,YES,YES
VA,5/1/2017,2017,5,55,1,0,1,YES,YES
VA,6/1/2017,2017,6,52,1,0,1,YES,YES
VA,7/1/2017,2017,7,50,1,0,1,YES,YES
VA,8/1/2017,2017,8,67,1,0,1,YES,YES
VA,9/1/2017,2017,9,100,1,0,1,YES,YES
VA,10/1/2017,2017,10,90,1,0,1,YES,YES
VA,11/1/2017,2017,11,81,1,0,1,YES,YES
VA,12/1/2017,2017,12,79,1,0,1,YES,YES
VA,1/1/2018,2018,1,70,1,0,1,YES,YES
VA,2/1/2018,2018,2,57,1,0,1,YES,YES
VA,3/1/2018,2018,3,77,1,0,1,YES,YES
VA,4/1/2018,2018,4,68,1,0,1,YES,YES
VA,5/1/2018,2018,5,61,1,0,1,YES,YES
VA,6/1/2018,2018,6,59,1,0,1,YES,YES
VA,7/1/2018,2018,7,53,1,0,1,YES,YES
VA,8/1/2018,2018,8,62,1,0,1,YES,YES
VA,9/1/2018,2018,9,98,1,0,1,YES,YES
VA,10/1/2018,2018,10,91,1,0,1,YES,YES
VA,11/1/2018,2018,11,83,1,0,1,YES,YES
VA,12/1/2018,2018,12,80,1,0,1,YES,YES
VA,1/1/2019,2019,1,67,1,0,1,YES,YES
VA,2/1/2019,2019,2,55,1,0,1,YES,YES
VA,3/1/2019,2019,3,84,1,0,1,YES,YES
VA,4/1/2019,2019,4,61,1,0,1,YES,YES
VA,5/1/2019,2019,5,55,1,0,1,YES,YES
VA,6/1/2019,2019,6,61,1,0,1,YES,YES
VA,7/1/2019,2019,7,53,1,0,1,YES,YES
VA,8/1/2019,2019,8,63,1,0,1,YES,YES
VA,9/1/2019,2019,9,91,1,0,1,YES,YES
VA,10/1/2019,2019,10,80,1,0,1,YES,YES
VA,11/1/2019,2019,11,82,1,0,1,YES,YES
VA,12/1/2019,2019,12,75,1,0,1,YES,YES
VA,1/1/2020,2020,1,66,1,0,1,YES,YES
VA,2/1/2020,2020,2,48,1,0,1,YES,YES
VA,3/1/2020,2020,3,38,1,0,1,YES,YES
VA,4/1/2020,2020,4,27,1,0,1,YES,YES
VA,5/1/2020,2020,5,22,1,0,1,YES,YES
VA,6/1/2020,2020,6,19,1,0,1,YES,YES
VA,7/1/2020,2020,7,28,1,0,1,YES,YES
VA,8/1/2020,2020,8,42,1,0,1,YES,YES
VA,9/1/2020,2020,9,65,1,0,1,YES,YES
VA,10/1/2020,2020,10,65,1,0,1,YES,YES
VA,11/1/2020,2020,11,53,1,0,1,YES,YES
VA,12/1/2020,2020,12,57,1,0,1,YES,YES
VA,1/1/2021,2021,1,56,1,0,1,YES,YES
VA,2/1/2021,2021,2,43,0,1,1,YES,YES
VA,3/1/2021,2021,3,52,0,1,1,YES,YES
VA,4/1/2021,2021,4,45,0,1,1,YES,YES
VA,5/1/2021,2021,5,44,0,1,1,YES,YES
VA,6/1/2021,2021,6,51,0,1,1,YES,YES
VA,7/1/2021,2021,7,41,0,1,1,YES,YES
VA,8/1/2021,2021,8,44,0,1,1,YES,YES
VA,9/1/2021,2021,9,69,0,1,1,YES,YES
VA,10/1/2021,2021,10,74,0,1,1,YES,YES
VA,11/1/2021,2021,11,67,0,1,1,YES,YES
VA,12/1/2021,2021,12,65,0,1,1,YES,YES
VA,1/1/2022,2022,1,57,0,1,1,YES,YES
VA,2/1/2022,2022,2,40,0,1,1,YES,YES
VA,3/1/2022,2022,3,56,0,1,1,YES,YES
VA,4/1/2022,2022,4,44,0,1,1,YES,YES
VA,5/1/2022,2022,5,43,0,1,1,YES,YES
VA,6/1/2022,2022,6,38,0,1,1,YES,YES
VA,7/1/2022,2022,7,33,0,1,1,YES,YES
VA,8/1/2022,2022,8,42,0,1,1,YES,YES
VA,9/1/2022,2022,9,64,0,1,1,YES,YES
VA,10/1/2022,2022,10,66,0,1,1,YES,YES
VA,11/1/2022,2022,11,64,0,1,1,YES,YES
VA,12/1/2022,2022,12,56,0,1,1,YES,YES
VA,1/1/2023,2023,1,53,0,1,1,YES,YES
VA,2/1/2023,2023,2,40,0,1,1,YES,YES
VA,3/1/2023,2023,3,57,0,1,1,YES,YES
VA,4/1/2023,2023,4,48,0,1,1,YES,YES
VA,5/1/2023,2023,5,44,0,1,1,YES,YES
VA,6/1/2023,2023,6,37,0,1,1,YES,YES
VA,7/1/2023,2023,7,36,0,1,1,YES,YES
VA,8/1/2023,2023,8,42,0,1,1,YES,YES
VA,9/1/2023,2023,9,66,0,1,1,YES,YES
VA,10/1/2023,2023,10,63,0,1,1,YES,YES
VA,11/1/2023,2023,11,63,0,1,1,YES,YES
VA,12/1/2023,2023,12,57,0,1,1,YES,YES
VA,1/1/2024,2024,1,56,0,1,1,YES,YES
VA,2/1/2024,2024,2,34,0,1,1,YES,YES
VA,3/1/2024,2024,3,51,0,1,1,YES,YES
VA,4/1/2024,2024,4,42,0,1,1,YES,YES
VA,5/1/2024,2024,5,36,0,1,1,YES,YES
VA,6/1/2024,2024,6,33,0,1,1,YES,YES
VA,7/1/2024,2024,7,30,0,1,1,YES,YES
VA,8/1/2024,2024,8,40,0,1,1,YES,YES
VA,9/1/2024,2024,9,60,0,1,1,YES,YES
VA,10/1/2024,2024,10,53,0,1,1,YES,YES
VA,11/1/2024,2024,11,45,0,1,1,YES,YES
VA,12/1/2024,2024,12,44,0,1,1,YES,YES
VA,1/1/2025,2025,1,40,0,1,1,YES,YES
VA,2/1/2025,2025,2,28,0,1,1,YES,YES
VA,3/1/2025,2025,3,43,0,1,1,YES,YES
VA,4/1/2025,2025,4,32,0,1,1,YES,YES
VA,5/1/2025,2025,5,30,0,1,1,YES,YES
VA,6/1/2025,2025,6,28,0,1,1,YES,YES
VA,7/1/2025,2025,7,26,0,1,1,YES,YES
VA,8/1/2025,2025,8,44,0,1,1,YES,YES
VA,9/1/2025,2025,9,57,0,1,1,YES,YES
VA,10/1/2025,2025,10,47,0,1,1,YES,YES
VA,11/1/2025,2025,11,67,0,1,1,YES,YES
VT,1/1/2017,2017,1,70,1,0,1,YES,YES
VT,2/1/2017,2017,2,55,1,0,1,YES,YES
VT,3/1/2017,2017,3,85,1,0,1,YES,YES
VT,4/1/2017,2017,4,73,1,0,1,YES,YES
VT,5/1/2017,2017,5,56,1,0,1,YES,YES
VT,6/1/2017,2017,6,56,1,0,1,YES,YES
VT,7/1/2017,2017,7,62,1,0,1,YES,YES
VT,8/1/2017,2017,8,77,1,0,1,YES,YES
VT,9/1/2017,2017,9,98,1,0,1,YES,YES
VT,10/1/2017,2017,10,100,1,0,1,YES,YES
VT,11/1/2017,2017,11,86,1,0,1,YES,YES
VT,12/1/2017,2017,12,78,1,0,1,YES,YES
VT,1/1/2018,2018,1,71,1,0,1,YES,YES
VT,2/1/2018,2018,2,53,1,0,1,YES,YES
VT,3/1/2018,2018,3,75,1,0,1,YES,YES
VT,4/1/2018,2018,4,70,1,0,1,YES,YES
VT,5/1/2018,2018,5,67,1,0,1,YES,YES
VT,6/1/2018,2018,6,69,1,0,1,YES,YES
VT,7/1/2018,2018,7,65,1,0,1,YES,YES
VT,8/1/2018,2018,8,74,1,0,1,YES,YES
VT,9/1/2018,2018,9,92,1,0,1,YES,YES
VT,10/1/2018,2018,10,95,1,0,1,YES,YES
VT,11/1/2018,2018,11,71,1,0,1,YES,YES
VT,12/1/2018,2018,12,75,1,0,1,YES,YES
VT,1/1/2019,2019,1,66,1,0,1,YES,YES
VT,2/1/2019,2019,2,55,1,0,1,YES,YES
VT,3/1/2019,2019,3,83,1,0,1,YES,YES
VT,4/1/2019,2019,4,72,1,0,1,YES,YES
VT,5/1/2019,2019,5,62,1,0,1,YES,YES
VT,6/1/2019,2019,6,70,1,0,1,YES,YES
VT,7/1/2019,2019,7,60,1,0,1,YES,YES
VT,8/1/2019,2019,8,72,1,0,1,YES,YES
VT,9/1/2019,2019,9,88,1,0,1,YES,YES
VT,10/1/2019,2019,10,83,1,0,1,YES,YES
VT,11/1/2019,2019,11,74,1,0,1,YES,YES
VT,12/1/2019,2019,12,69,1,0,1,YES,YES
VT,1/1/2020,2020,1,67,1,0,1,YES,YES
VT,2/1/2020,2020,2,47,1,0,1,YES,YES
VT,3/1/2020,2020,3,39,1,0,1,YES,YES
VT,4/1/2020,2020,4,28,1,0,1,YES,YES
VT,5/1/2020,2020,5,23,1,0,1,YES,YES
VT,6/1/2020,2020,6,23,1,0,1,YES,YES
VT,7/1/2020,2020,7,30,1,0,1,YES,YES
VT,8/1/2020,2020,8,46,1,0,1,YES,YES
VT,9/1/2020,2020,9,59,1,0,1,YES,YES
VT,10/1/2020,2020,10,61,1,0,1,YES,YES
VT,11/1/2020,2020,11,48,1,0,1,YES,YES
VT,12/1/2020,2020,12,59,1,0,1,YES,YES
VT,1/1/2021,2021,1,60,1,0,1,YES,YES
VT,2/1/2021,2021,2,41,1,0,1,YES,YES
VT,3/1/2021,2021,3,56,1,0,1,YES,YES
VT,4/1/2021,2021,4,53,1,0,1,YES,YES
VT,5/1/2021,2021,5,49,1,0,1,YES,YES
VT,6/1/2021,2021,6,56,1,0,1,YES,YES
VT,7/1/2021,2021,7,53,1,0,1,YES,YES
VT,8/1/2021,2021,8,46,1,0,1,YES,YES
VT,9/1/2021,2021,9,72,1,0,1,YES,YES
VT,10/1/2021,2021,10,80,1,0,1,YES,YES
VT,11/1/2021,2021,11,67,1,0,1,YES,YES
VT,12/1/2021,2021,12,67,1,0,1,YES,YES
VT,1/1/2022,2022,1,58,1,0,1,YES,YES
VT,2/1/2022,2022,2,38,1,0,1,YES,YES
VT,3/1/2022,2022,3,58,1,0,1,YES,YES
VT,4/1/2022,2022,4,54,1,0,1,YES,YES
VT,5/1/2022,2022,5,55,1,0,1,YES,YES
VT,6/1/2022,2022,6,45,1,0,1,YES,YES
VT,7/1/2022,2022,7,43,1,0,1,YES,YES
VT,8/1/2022,2022,8,49,1,0,1,YES,YES
VT,9/1/2022,2022,9,68,1,0,1,YES,YES
VT,10/1/2022,2022,10,68,1,0,1,YES,YES
VT,11/1/2022,2022,11,61,1,0,1,YES,YES
VT,12/1/2022,2022,12,62,1,0,1,YES,YES
VT,1/1/2023,2023,1,63,1,0,1,YES,YES
VT,2/1/2023,2023,2,41,1,0,1,YES,YES
VT,3/1/2023,2023,3,62,1,0,1,YES,YES
VT,4/1/2023,2023,4,60,1,0,1,YES,YES
VT,5/1/2023,2023,5,54,1,0,1,YES,YES
VT,6/1/2023,2023,6,42,1,0,1,YES,YES
VT,7/1/2023,2023,7,40,1,0,1,YES,YES
VT,8/1/2023,2023,8,46,1,0,1,YES,YES
VT,9/1/2023,2023,9,71,1,0,1,YES,YES
VT,10/1/2023,2023,10,63,1,0,1,YES,YES
VT,11/1/2023,2023,11,58,1,0,1,YES,YES
VT,12/1/2023,2023,12,63,1,0,1,YES,YES
VT,1/1/2024,2024,1,62,1,0,1,YES,YES
VT,2/1/2024,2024,2,38,0,1,1,YES,YES
VT,3/1/2024,2024,3,62,0,1,1,YES,YES
VT,4/1/2024,2024,4,54,0,1,1,YES,YES
VT,5/1/2024,2024,5,47,0,1,1,YES,YES
VT,6/1/2024,2024,6,43,0,1,1,YES,YES
VT,7/1/2024,2024,7,38,0,1,1,YES,YES
VT,8/1/2024,2024,8,46,0,1,1,YES,YES
VT,9/1/2024,2024,9,63,0,1,1,YES,YES
VT,10/1/2024,2024,10,55,0,1,1,YES,YES
VT,11/1/2024,2024,11,49,0,1,1,YES,YES
VT,12/1/2024,2024,12,54,0,1,1,YES,YES
VT,1/1/2025,2025,1,38,0,1,1,YES,YES
VT,2/1/2025,2025,2,37,0,1,1,YES,YES
VT,3/1/2025,2025,3,47,0,1,1,YES,YES
VT,4/1/2025,2025,4,38,0,1,1,YES,YES
VT,5/1/2025,2025,5,39,0,1,1,YES,YES
VT,6/1/2025,2025,6,33,0,1,1,YES,YES
VT,7/1/2025,2025,7,32,0,1,1,YES,YES
VT,8/1/2025,2025,8,47,0,1,1,YES,YES
VT,9/1/2025,2025,9,59,0,1,1,YES,YES
VT,10/1/2025,2025,10,54,0,1,1,YES,YES
VT,11/1/2025,2025,11,61,0,1,1,YES,YES
WA,1/1/2017,2017,1,68,1,0,1,NO,YES
WA,2/1/2017,2017,2,48,1,0,1,NO,YES
WA,3/1/2017,2017,3,74,1,0,1,NO,YES
WA,4/1/2017,2017,4,70,1,0,1,NO,YES
WA,5/1/2017,2017,5,55,1,0,1,NO,YES
WA,6/1/2017,2017,6,56,1,0,1,NO,YES
WA,7/1/2017,2017,7,54,1,0,1,NO,YES
WA,8/1/2017,2017,8,66,1,0,1,NO,YES
WA,9/1/2017,2017,9,100,1,0,1,NO,YES
WA,10/1/2017,2017,10,100,1,0,1,NO,YES
WA,11/1/2017,2017,11,86,1,0,1,NO,YES
WA,12/1/2017,2017,12,81,1,0,1,NO,YES
WA,1/1/2018,2018,1,61,1,0,1,NO,YES
WA,2/1/2018,2018,2,50,1,0,1,NO,YES
WA,3/1/2018,2018,3,70,1,0,1,NO,YES
WA,4/1/2018,2018,4,63,1,0,1,NO,YES
WA,5/1/2018,2018,5,58,1,0,1,NO,YES
WA,6/1/2018,2018,6,64,1,0,1,NO,YES
WA,7/1/2018,2018,7,53,1,0,1,NO,YES
WA,8/1/2018,2018,8,62,1,0,1,NO,YES
WA,9/1/2018,2018,9,94,1,0,1,NO,YES
WA,10/1/2018,2018,10,85,1,0,1,NO,YES
WA,11/1/2018,2018,11,79,1,0,1,NO,YES
WA,12/1/2018,2018,12,79,1,0,1,NO,YES
WA,1/1/2019,2019,1,63,1,0,1,NO,YES
WA,2/1/2019,2019,2,46,1,0,1,NO,YES
WA,3/1/2019,2019,3,72,1,0,1,NO,YES
WA,4/1/2019,2019,4,63,1,0,1,NO,YES
WA,5/1/2019,2019,5,56,1,0,1,NO,YES
WA,6/1/2019,2019,6,55,1,0,1,NO,YES
WA,7/1/2019,2019,7,48,1,0,1,NO,YES
WA,8/1/2019,2019,8,59,1,0,1,NO,YES
WA,9/1/2019,2019,9,94,1,0,1,NO,YES
WA,10/1/2019,2019,10,82,1,0,1,NO,YES
WA,11/1/2019,2019,11,80,1,0,1,NO,YES
WA,12/1/2019,2019,12,81,1,0,1,NO,YES
WA,1/1/2020,2020,1,64,1,0,1,NO,YES
WA,2/1/2020,2020,2,43,1,0,1,NO,YES
WA,3/1/2020,2020,3,34,1,0,1,NO,YES
WA,4/1/2020,2020,4,28,0,1,1,NO,YES
WA,5/1/2020,2020,5,22,0,1,1,NO,YES
WA,6/1/2020,2020,6,18,0,1,1,NO,YES
WA,7/1/2020,2020,7,28,0,1,1,NO,YES
WA,8/1/2020,2020,8,41,0,1,1,NO,YES
WA,9/1/2020,2020,9,65,0,1,1,NO,YES
WA,10/1/2020,2020,10,66,0,1,1,NO,YES
WA,11/1/2020,2020,11,55,0,1,1,NO,YES
WA,12/1/2020,2020,12,59,0,1,1,NO,YES
WA,1/1/2021,2021,1,52,0,1,1,NO,YES
WA,2/1/2021,2021,2,37,0,1,1,NO,YES
WA,3/1/2021,2021,3,51,0,1,1,NO,YES
WA,4/1/2021,2021,4,47,0,1,1,NO,YES
WA,5/1/2021,2021,5,47,0,1,1,NO,YES
WA,6/1/2021,2021,6,48,0,1,1,NO,YES
WA,7/1/2021,2021,7,47,0,1,1,NO,YES
WA,8/1/2021,2021,8,46,0,1,1,NO,YES
WA,9/1/2021,2021,9,75,0,1,1,NO,YES
WA,10/1/2021,2021,10,75,0,1,1,NO,YES
WA,11/1/2021,2021,11,72,0,1,1,NO,YES
WA,12/1/2021,2021,12,63,0,1,1,NO,YES
WA,1/1/2022,2022,1,53,0,1,1,NO,YES
WA,2/1/2022,2022,2,36,0,1,1,NO,YES
WA,3/1/2022,2022,3,52,0,1,1,NO,YES
WA,4/1/2022,2022,4,45,0,1,1,NO,YES
WA,5/1/2022,2022,5,43,0,1,1,NO,YES
WA,6/1/2022,2022,6,38,0,1,1,NO,YES
WA,7/1/2022,2022,7,39,0,1,1,NO,YES
WA,8/1/2022,2022,8,48,0,1,1,NO,YES
WA,9/1/2022,2022,9,74,0,1,1,NO,YES
WA,10/1/2022,2022,10,74,0,1,1,NO,YES
WA,11/1/2022,2022,11,67,0,1,1,NO,YES
WA,12/1/2022,2022,12,61,0,1,1,NO,YES
WA,1/1/2023,2023,1,55,0,1,1,NO,YES
WA,2/1/2023,2023,2,38,0,1,1,NO,YES
WA,3/1/2023,2023,3,53,0,1,1,NO,YES
WA,4/1/2023,2023,4,49,0,1,1,NO,YES
WA,5/1/2023,2023,5,44,0,1,1,NO,YES
WA,6/1/2023,2023,6,37,0,1,1,NO,YES
WA,7/1/2023,2023,7,38,0,1,1,NO,YES
WA,8/1/2023,2023,8,49,0,1,1,NO,YES
WA,9/1/2023,2023,9,72,0,1,1,NO,YES
WA,10/1/2023,2023,10,65,0,1,1,NO,YES
WA,11/1/2023,2023,11,59,0,1,1,NO,YES
WA,12/1/2023,2023,12,59,0,1,1,NO,YES
WA,1/1/2024,2024,1,58,0,1,1,NO,YES
WA,2/1/2024,2024,2,32,0,1,1,NO,YES
WA,3/1/2024,2024,3,47,0,1,1,NO,YES
WA,4/1/2024,2024,4,42,0,1,1,NO,YES
WA,5/1/2024,2024,5,37,0,1,1,NO,YES
WA,6/1/2024,2024,6,37,0,1,1,NO,YES
WA,7/1/2024,2024,7,31,0,1,1,NO,YES
WA,8/1/2024,2024,8,44,0,1,1,NO,YES
WA,9/1/2024,2024,9,63,0,1,1,NO,YES
WA,10/1/2024,2024,10,50,0,1,1,NO,YES
WA,11/1/2024,2024,11,44,0,1,1,NO,YES
WA,12/1/2024,2024,12,45,0,1,1,NO,YES
WA,1/1/2025,2025,1,36,0,1,1,NO,YES
WA,2/1/2025,2025,2,26,0,1,1,NO,YES
WA,3/1/2025,2025,3,41,0,1,1,NO,YES
WA,4/1/2025,2025,4,35,0,1,1,NO,YES
WA,5/1/2025,2025,5,31,0,1,1,NO,YES
WA,6/1/2025,2025,6,29,0,1,1,NO,YES
WA,7/1/2025,2025,7,26,0,1,1,NO,YES
WA,8/1/2025,2025,8,43,0,1,1,NO,YES
WA,9/1/2025,2025,9,54,0,1,1,NO,YES
WA,10/1/2025,2025,10,52,0,1,1,NO,YES
WA,11/1/2025,2025,11,55,0,1,1,NO,YES
WI,1/1/2017,2017,1,65,1,0,1,NO,YES
WI,2/1/2017,2017,2,45,1,0,1,NO,YES
WI,3/1/2017,2017,3,75,1,0,1,NO,YES
WI,4/1/2017,2017,4,62,1,0,1,NO,YES
WI,5/1/2017,2017,5,46,1,0,1,NO,YES
WI,6/1/2017,2017,6,48,1,0,1,NO,YES
WI,7/1/2017,2017,7,50,1,0,1,NO,YES
WI,8/1/2017,2017,8,64,1,0,1,NO,YES
WI,9/1/2017,2017,9,95,1,0,1,NO,YES
WI,10/1/2017,2017,10,82,1,0,1,NO,YES
WI,11/1/2017,2017,11,78,1,0,1,NO,YES
WI,12/1/2017,2017,12,70,1,0,1,NO,YES
WI,1/1/2018,2018,1,55,1,0,1,NO,YES
WI,2/1/2018,2018,2,44,1,0,1,NO,YES
WI,3/1/2018,2018,3,67,1,0,1,NO,YES
WI,4/1/2018,2018,4,58,1,0,1,NO,YES
WI,5/1/2018,2018,5,50,1,0,1,NO,YES
WI,6/1/2018,2018,6,49,1,0,1,NO,YES
WI,7/1/2018,2018,7,52,1,0,1,NO,YES
WI,8/1/2018,2018,8,63,1,0,1,NO,YES
WI,9/1/2018,2018,9,100,1,0,1,NO,YES
WI,10/1/2018,2018,10,92,1,0,1,NO,YES
WI,11/1/2018,2018,11,71,1,0,1,NO,YES
WI,12/1/2018,2018,12,70,1,0,1,NO,YES
WI,1/1/2019,2019,1,56,1,0,1,NO,YES
WI,2/1/2019,2019,2,46,1,0,1,NO,YES
WI,3/1/2019,2019,3,69,1,0,1,NO,YES
WI,4/1/2019,2019,4,60,1,0,1,NO,YES
WI,5/1/2019,2019,5,59,1,0,1,NO,YES
WI,6/1/2019,2019,6,52,1,0,1,NO,YES
WI,7/1/2019,2019,7,50,1,0,1,NO,YES
WI,8/1/2019,2019,8,65,1,0,1,NO,YES
WI,9/1/2019,2019,9,92,1,0,1,NO,YES
WI,10/1/2019,2019,10,68,1,0,1,NO,YES
WI,11/1/2019,2019,11,70,1,0,1,NO,YES
WI,12/1/2019,2019,12,73,1,0,1,NO,YES
WI,1/1/2020,2020,1,60,1,0,1,NO,YES
WI,2/1/2020,2020,2,43,1,0,1,NO,YES
WI,3/1/2020,2020,3,35,1,0,1,NO,YES
WI,4/1/2020,2020,4,26,1,0,1,NO,YES
WI,5/1/2020,2020,5,19,1,0,1,NO,YES
WI,6/1/2020,2020,6,17,1,0,1,NO,YES
WI,7/1/2020,2020,7,25,1,0,1,NO,YES
WI,8/1/2020,2020,8,41,1,0,1,NO,YES
WI,9/1/2020,2020,9,60,1,0,1,NO,YES
WI,10/1/2020,2020,10,58,1,0,1,NO,YES
WI,11/1/2020,2020,11,50,1,0,1,NO,YES
WI,12/1/2020,2020,12,55,1,0,1,NO,YES
WI,1/1/2021,2021,1,49,1,0,1,NO,YES
WI,2/1/2021,2021,2,33,1,0,1,NO,YES
WI,3/1/2021,2021,3,48,1,0,1,NO,YES
WI,4/1/2021,2021,4,44,1,0,1,NO,YES
WI,5/1/2021,2021,5,45,1,0,1,NO,YES
WI,6/1/2021,2021,6,54,1,0,1,NO,YES
WI,7/1/2021,2021,7,51,0,0,0,NO,YES
WI,8/1/2021,2021,8,45,0,1,1,NO,YES
WI,9/1/2021,2021,9,66,0,1,1,NO,YES
WI,10/1/2021,2021,10,71,0,1,1,NO,YES
WI,11/1/2021,2021,11,62,0,1,1,NO,YES
WI,12/1/2021,2021,12,64,0,1,1,NO,YES
WI,1/1/2022,2022,1,57,0,1,1,NO,YES
WI,2/1/2022,2022,2,40,0,1,1,NO,YES
WI,3/1/2022,2022,3,57,0,1,1,NO,YES
WI,4/1/2022,2022,4,47,0,1,1,NO,YES
WI,5/1/2022,2022,5,45,0,1,1,NO,YES
WI,6/1/2022,2022,6,33,0,1,1,NO,YES
WI,7/1/2022,2022,7,33,0,1,1,NO,YES
WI,8/1/2022,2022,8,43,0,1,1,NO,YES
WI,9/1/2022,2022,9,60,0,1,1,NO,YES
WI,10/1/2022,2022,10,57,0,1,1,NO,YES
WI,11/1/2022,2022,11,54,0,1,1,NO,YES
WI,12/1/2022,2022,12,53,0,1,1,NO,YES
WI,1/1/2023,2023,1,51,0,1,1,NO,YES
WI,2/1/2023,2023,2,36,0,1,1,NO,YES
WI,3/1/2023,2023,3,59,0,1,1,NO,YES
WI,4/1/2023,2023,4,49,0,1,1,NO,YES
WI,5/1/2023,2023,5,40,0,1,1,NO,YES
WI,6/1/2023,2023,6,35,0,1,1,NO,YES
WI,7/1/2023,2023,7,36,0,1,1,NO,YES
WI,8/1/2023,2023,8,49,0,1,1,NO,YES
WI,9/1/2023,2023,9,79,0,1,1,NO,YES
WI,10/1/2023,2023,10,61,0,1,1,NO,YES
WI,11/1/2023,2023,11,56,0,1,1,NO,YES
WI,12/1/2023,2023,12,59,0,1,1,NO,YES
WI,1/1/2024,2024,1,56,0,1,1,NO,YES
WI,2/1/2024,2024,2,34,0,1,1,NO,YES
WI,3/1/2024,2024,3,56,0,1,1,NO,YES
WI,4/1/2024,2024,4,48,0,1,1,NO,YES
WI,5/1/2024,2024,5,38,0,1,1,NO,YES
WI,6/1/2024,2024,6,34,0,1,1,NO,YES
WI,7/1/2024,2024,7,32,0,1,1,NO,YES
WI,8/1/2024,2024,8,46,0,1,1,NO,YES
WI,9/1/2024,2024,9,63,0,1,1,NO,YES
WI,10/1/2024,2024,10,52,0,1,1,NO,YES
WI,11/1/2024,2024,11,44,0,1,1,NO,YES
WI,12/1/2024,2024,12,47,0,1,1,NO,YES
WI,1/1/2025,2025,1,41,0,1,1,NO,YES
WI,2/1/2025,2025,2,31,0,1,1,NO,YES
WI,3/1/2025,2025,3,50,0,1,1,NO,YES
WI,4/1/2025,2025,4,40,0,1,1,NO,YES
WI,5/1/2025,2025,5,32,0,1,1,NO,YES
WI,6/1/2025,2025,6,30,0,1,1,NO,YES
WI,7/1/2025,2025,7,31,0,1,1,NO,YES
WI,8/1/2025,2025,8,50,0,1,1,NO,YES
WI,9/1/2025,2025,9,53,0,1,1,NO,YES
WI,10/1/2025,2025,10,51,0,1,1,NO,YES
WI,11/1/2025,2025,11,58,0,1,1,NO,YES
WV,1/1/2017,2017,1,79,1,0,1,YES,YES
WV,2/1/2017,2017,2,55,1,0,1,YES,YES
WV,3/1/2017,2017,3,83,1,0,1,YES,YES
WV,4/1/2017,2017,4,56,1,0,1,YES,YES
WV,5/1/2017,2017,5,45,1,0,1,YES,YES
WV,6/1/2017,2017,6,45,1,0,1,YES,YES
WV,7/1/2017,2017,7,41,1,0,1,YES,YES
WV,8/1/2017,2017,8,54,1,0,1,YES,YES
WV,9/1/2017,2017,9,92,1,0,1,YES,YES
WV,10/1/2017,2017,10,83,1,0,1,YES,YES
WV,11/1/2017,2017,11,78,1,0,1,YES,YES
WV,12/1/2017,2017,12,84,1,0,1,YES,YES
WV,1/1/2018,2018,1,73,1,0,1,YES,YES
WV,2/1/2018,2018,2,56,1,0,1,YES,YES
WV,3/1/2018,2018,3,82,1,0,1,YES,YES
WV,4/1/2018,2018,4,55,1,0,1,YES,YES
WV,5/1/2018,2018,5,52,1,0,1,YES,YES
WV,6/1/2018,2018,6,46,1,0,1,YES,YES
WV,7/1/2018,2018,7,48,1,0,1,YES,YES
WV,8/1/2018,2018,8,59,1,0,1,YES,YES
WV,9/1/2018,2018,9,100,0,0,0,YES,YES
WV,10/1/2018,2018,10,88,0,1,1,YES,YES
WV,11/1/2018,2018,11,90,0,1,1,YES,YES
WV,12/1/2018,2018,12,80,0,1,1,YES,YES
WV,1/1/2019,2019,1,68,0,1,1,YES,YES
WV,2/1/2019,2019,2,50,0,1,1,YES,YES
WV,3/1/2019,2019,3,76,0,1,1,YES,YES
WV,4/1/2019,2019,4,53,0,1,1,YES,YES
WV,5/1/2019,2019,5,43,0,1,1,YES,YES
WV,6/1/2019,2019,6,50,0,1,1,YES,YES
WV,7/1/2019,2019,7,42,0,1,1,YES,YES
WV,8/1/2019,2019,8,56,0,1,1,YES,YES
WV,9/1/2019,2019,9,94,0,1,1,YES,YES
WV,10/1/2019,2019,10,72,0,1,1,YES,YES
WV,11/1/2019,2019,11,74,0,1,1,YES,YES
WV,12/1/2019,2019,12,73,0,1,1,YES,YES
WV,1/1/2020,2020,1,77,0,1,1,YES,YES
WV,2/1/2020,2020,2,53,0,1,1,YES,YES
WV,3/1/2020,2020,3,36,0,1,1,YES,YES
WV,4/1/2020,2020,4,24,0,1,1,YES,YES
WV,5/1/2020,2020,5,20,0,1,1,YES,YES
WV,6/1/2020,2020,6,17,0,1,1,YES,YES
WV,7/1/2020,2020,7,23,0,1,1,YES,YES
WV,8/1/2020,2020,8,35,0,1,1,YES,YES
WV,9/1/2020,2020,9,62,0,1,1,YES,YES
WV,10/1/2020,2020,10,58,0,1,1,YES,YES
WV,11/1/2020,2020,11,55,0,1,1,YES,YES
WV,12/1/2020,2020,12,62,0,1,1,YES,YES
WV,1/1/2021,2021,1,53,0,1,1,YES,YES
WV,2/1/2021,2021,2,45,0,1,1,YES,YES
WV,3/1/2021,2021,3,59,0,1,1,YES,YES
WV,4/1/2021,2021,4,36,0,1,1,YES,YES
WV,5/1/2021,2021,5,35,0,1,1,YES,YES
WV,6/1/2021,2021,6,36,0,1,1,YES,YES
WV,7/1/2021,2021,7,36,0,1,1,YES,YES
WV,8/1/2021,2021,8,38,0,1,1,YES,YES
WV,9/1/2021,2021,9,76,0,1,1,YES,YES
WV,10/1/2021,2021,10,76,0,1,1,YES,YES
WV,11/1/2021,2021,11,69,0,1,1,YES,YES
WV,12/1/2021,2021,12,66,0,1,1,YES,YES
WV,1/1/2022,2022,1,65,0,1,1,YES,YES
WV,2/1/2022,2022,2,40,0,1,1,YES,YES
WV,3/1/2022,2022,3,51,0,1,1,YES,YES
WV,4/1/2022,2022,4,41,0,1,1,YES,YES
WV,5/1/2022,2022,5,38,0,1,1,YES,YES
WV,6/1/2022,2022,6,33,0,1,1,YES,YES
WV,7/1/2022,2022,7,32,0,1,1,YES,YES
WV,8/1/2022,2022,8,40,0,1,1,YES,YES
WV,9/1/2022,2022,9,81,0,1,1,YES,YES
WV,10/1/2022,2022,10,66,0,1,1,YES,YES
WV,11/1/2022,2022,11,68,0,1,1,YES,YES
WV,12/1/2022,2022,12,60,0,1,1,YES,YES
WV,1/1/2023,2023,1,60,0,1,1,YES,YES
WV,2/1/2023,2023,2,42,0,1,1,YES,YES
WV,3/1/2023,2023,3,57,0,1,1,YES,YES
WV,4/1/2023,2023,4,46,0,1,1,YES,YES
WV,5/1/2023,2023,5,43,0,1,1,YES,YES
WV,6/1/2023,2023,6,37,0,1,1,YES,YES
WV,7/1/2023,2023,7,36,0,1,1,YES,YES
WV,8/1/2023,2023,8,42,0,1,1,YES,YES
WV,9/1/2023,2023,9,78,0,1,1,YES,YES
WV,10/1/2023,2023,10,63,0,1,1,YES,YES
WV,11/1/2023,2023,11,66,0,1,1,YES,YES
WV,12/1/2023,2023,12,64,0,1,1,YES,YES
WV,1/1/2024,2024,1,60,0,1,1,YES,YES
WV,2/1/2024,2024,2,34,0,1,1,YES,YES
WV,3/1/2024,2024,3,51,0,1,1,YES,YES
WV,4/1/2024,2024,4,42,0,1,1,YES,YES
WV,5/1/2024,2024,5,34,0,1,1,YES,YES
WV,6/1/2024,2024,6,35,0,1,1,YES,YES
WV,7/1/2024,2024,7,27,0,1,1,YES,YES
WV,8/1/2024,2024,8,44,0,1,1,YES,YES
WV,9/1/2024,2024,9,67,0,1,1,YES,YES
WV,10/1/2024,2024,10,56,0,1,1,YES,YES
WV,11/1/2024,2024,11,50,0,1,1,YES,YES
WV,12/1/2024,2024,12,52,0,1,1,YES,YES
WV,1/1/2025,2025,1,45,0,1,1,YES,YES
WV,2/1/2025,2025,2,28,0,1,1,YES,YES
WV,3/1/2025,2025,3,45,0,1,1,YES,YES
WV,4/1/2025,2025,4,34,0,1,1,YES,YES
WV,5/1/2025,2025,5,32,0,1,1,YES,YES
WV,6/1/2025,2025,6,31,0,1,1,YES,YES
WV,7/1/2025,2025,7,26,0,1,1,YES,YES
WV,8/1/2025,2025,8,51,0,1,1,YES,YES
WV,9/1/2025,2025,9,66,0,1,1,YES,YES
WV,10/1/2025,2025,10,53,0,1,1,YES,YES
WV,11/1/2025,2025,11,67,0,1,1,YES,YES
WY,1/1/2017,2017,1,59,1,0,1,YES,YES
WY,2/1/2017,2017,2,40,1,0,1,YES,YES
WY,3/1/2017,2017,3,72,1,0,1,YES,YES
WY,4/1/2017,2017,4,56,1,0,1,YES,YES
WY,5/1/2017,2017,5,50,1,0,1,YES,YES
WY,6/1/2017,2017,6,50,1,0,1,YES,YES
WY,7/1/2017,2017,7,41,1,0,1,YES,YES
WY,8/1/2017,2017,8,62,1,0,1,YES,YES
WY,9/1/2017,2017,9,98,1,0,1,YES,YES
WY,10/1/2017,2017,10,80,1,0,1,YES,YES
WY,11/1/2017,2017,11,78,1,0,1,YES,YES
WY,12/1/2017,2017,12,75,1,0,1,YES,YES
WY,1/1/2018,2018,1,54,1,0,1,YES,YES
WY,2/1/2018,2018,2,40,1,0,1,YES,YES
WY,3/1/2018,2018,3,71,1,0,1,YES,YES
WY,4/1/2018,2018,4,55,1,0,1,YES,YES
WY,5/1/2018,2018,5,50,1,0,1,YES,YES
WY,6/1/2018,2018,6,43,1,0,1,YES,YES
WY,7/1/2018,2018,7,41,1,0,1,YES,YES
WY,8/1/2018,2018,8,53,1,0,1,YES,YES
WY,9/1/2018,2018,9,97,1,0,1,YES,YES
WY,10/1/2018,2018,10,81,1,0,1,YES,YES
WY,11/1/2018,2018,11,67,1,0,1,YES,YES
WY,12/1/2018,2018,12,72,1,0,1,YES,YES
WY,1/1/2019,2019,1,57,1,0,1,YES,YES
WY,2/1/2019,2019,2,39,1,0,1,YES,YES
WY,3/1/2019,2019,3,65,1,0,1,YES,YES
WY,4/1/2019,2019,4,52,1,0,1,YES,YES
WY,5/1/2019,2019,5,45,1,0,1,YES,YES
WY,6/1/2019,2019,6,48,1,0,1,YES,YES
WY,7/1/2019,2019,7,42,1,0,1,YES,YES
WY,8/1/2019,2019,8,53,1,0,1,YES,YES
WY,9/1/2019,2019,9,100,1,0,1,YES,YES
WY,10/1/2019,2019,10,73,1,0,1,YES,YES
WY,11/1/2019,2019,11,81,1,0,1,YES,YES
WY,12/1/2019,2019,12,76,1,0,1,YES,YES
WY,1/1/2020,2020,1,65,1,0,1,YES,YES
WY,2/1/2020,2020,2,37,1,0,1,YES,YES
WY,3/1/2020,2020,3,29,1,0,1,YES,YES
WY,4/1/2020,2020,4,24,1,0,1,YES,YES
WY,5/1/2020,2020,5,20,1,0,1,YES,YES
WY,6/1/2020,2020,6,16,1,0,1,YES,YES
WY,7/1/2020,2020,7,22,1,0,1,YES,YES
WY,8/1/2020,2020,8,38,1,0,1,YES,YES
WY,9/1/2020,2020,9,59,1,0,1,YES,YES
WY,10/1/2020,2020,10,56,1,0,1,YES,YES
WY,11/1/2020,2020,11,48,1,0,1,YES,YES
WY,12/1/2020,2020,12,52,1,0,1,YES,YES
WY,1/1/2021,2021,1,48,1,0,1,YES,YES
WY,2/1/2021,2021,2,31,1,0,1,YES,YES
WY,3/1/2021,2021,3,45,1,0,1,YES,YES
WY,4/1/2021,2021,4,40,1,0,1,YES,YES
WY,5/1/2021,2021,5,43,1,0,1,YES,YES
WY,6/1/2021,2021,6,46,1,0,1,YES,YES
WY,7/1/2021,2021,7,35,1,0,1,YES,YES
WY,8/1/2021,2021,8,37,1,0,1,YES,YES
WY,9/1/2021,2021,9,63,0,0,0,YES,YES
WY,10/1/2021,2021,10,73,0,1,1,YES,YES
WY,11/1/2021,2021,11,63,0,1,1,YES,YES
WY,12/1/2021,2021,12,62,0,1,1,YES,YES
WY,1/1/2022,2022,1,58,0,1,1,YES,YES
WY,2/1/2022,2022,2,36,0,1,1,YES,YES
WY,3/1/2022,2022,3,47,0,1,1,YES,YES
WY,4/1/2022,2022,4,35,0,1,1,YES,YES
WY,5/1/2022,2022,5,34,0,1,1,YES,YES
WY,6/1/2022,2022,6,33,0,1,1,YES,YES
WY,7/1/2022,2022,7,28,0,1,1,YES,YES
WY,8/1/2022,2022,8,37,0,1,1,YES,YES
WY,9/1/2022,2022,9,63,0,1,1,YES,YES
WY,10/1/2022,2022,10,68,0,1,1,YES,YES
WY,11/1/2022,2022,11,62,0,1,1,YES,YES
WY,12/1/2022,2022,12,53,0,1,1,YES,YES
WY,1/1/2023,2023,1,50,0,1,1,YES,YES
WY,2/1/2023,2023,2,33,0,1,1,YES,YES
WY,3/1/2023,2023,3,48,0,1,1,YES,YES
WY,4/1/2023,2023,4,45,0,1,1,YES,YES
WY,5/1/2023,2023,5,36,0,1,1,YES,YES
WY,6/1/2023,2023,6,31,0,1,1,YES,YES
WY,7/1/2023,2023,7,26,0,1,1,YES,YES
WY,8/1/2023,2023,8,38,0,1,1,YES,YES
WY,9/1/2023,2023,9,80,0,1,1,YES,YES
WY,10/1/2023,2023,10,65,0,1,1,YES,YES
WY,11/1/2023,2023,11,56,0,1,1,YES,YES
WY,12/1/2023,2023,12,65,0,1,1,YES,YES
WY,1/1/2024,2024,1,54,0,1,1,YES,YES
WY,2/1/2024,2024,2,28,0,1,1,YES,YES
WY,3/1/2024,2024,3,48,0,1,1,YES,YES
WY,4/1/2024,2024,4,42,0,1,1,YES,YES
WY,5/1/2024,2024,5,31,0,1,1,YES,YES
WY,6/1/2024,2024,6,27,0,1,1,YES,YES
WY,7/1/2024,2024,7,22,0,1,1,YES,YES
WY,8/1/2024,2024,8,37,0,1,1,YES,YES
WY,9/1/2024,2024,9,63,0,1,1,YES,YES
WY,10/1/2024,2024,10,51,0,1,1,YES,YES
WY,11/1/2024,2024,11,39,0,1,1,YES,YES
WY,12/1/2024,2024,12,45,0,1,1,YES,YES
WY,1/1/2025,2025,1,39,0,1,1,YES,YES
WY,2/1/2025,2025,2,26,0,1,1,YES,YES
WY,3/1/2025,2025,3,41,0,1,1,YES,YES
WY,4/1/2025,2025,4,29,0,1,1,YES,YES
WY,5/1/2025,2025,5,28,0,1,1,YES,YES
WY,6/1/2025,2025,6,23,0,1,1,YES,YES
WY,7/1/2025,2025,7,23,0,1,1,YES,YES
WY,8/1/2025,2025,8,40,0,1,1,YES,YES
WY,9/1/2025,2025,9,52,0,1,1,YES,YES
WY,10/1/2025,2025,10,44,0,1,1,YES,YES
WY,11/1/2025,2025,11,57,0,1,1,YES,YES
